comment_id|created_at|text|user_id|is_verified|picture_url|user_name|likes_count|parent_id|root_id
17914695700495803|1605440882|üëèüëè|4224884027|False|https://z-p42-instagram.faqp1-1.fna.fbcdn.net/v/t51.2885-19/s150x150/107373807_2693049787642075_9223329749782253916_n.jpg?_nc_ad=z-m&_nc_ht=z-p42-instagram.faqp1-1.fna.fbcdn.net&_nc_ohc=Agc3IX2AGEEAX8C56c5&_nc_tp=25&oh=937a35395c7fea8bdc5a22560ed73d71&oe=5FDD3BFF|danielle_barbieri|0|2442931503581585559|2442931503581585559
17870117561088443|1605440156|#PoderTOPVIEW #Economia #pix #bancocentral #pagamentos|597475489|False|https://z-p42-instagram.faqp1-1.fna.fbcdn.net/v/t51.2885-19/s150x150/94949553_548853976039916_2165974680505155584_n.jpg?_nc_ad=z-m&_nc_ht=z-p42-instagram.faqp1-1.fna.fbcdn.net&_nc_ohc=b4vfcZKSQRkAX_YWpUy&_nc_tp=25&oh=61b44426eb5e9c6e259c5ec0f32a5647&oe=5FDA7CEE|topviewclub|0|2442931503581585559|2442931503581585559
17871638288023928|1605456911|Soon Moon !!!! go #bitcoin|44013767566|False|https://z-p42-instagram.faqp1-1.fna.fbcdn.net/v/t51.2885-19/s150x150/125910476_228892791942310_6451511163095641498_n.jpg?_nc_ad=z-m&_nc_ht=z-p42-instagram.faqp1-1.fna.fbcdn.net&_nc_ohc=Y2B1Va7_TPIAX-rjgyA&_nc_tp=25&oh=2f69ac30a7b3f75675bcde57a466e99f&oe=5FDBB0F3|ninacryptoshow|0|2442974402369085177|2442974402369085177
17913687670496443|1605484678|Si usted tiene un buen cr√©dito y va a un banco y coge tres millones prestado ,compra un apartamento y una jeepeta, el que lo ve cree que usted esta bien pero usted lo que tiene es deuda y aparenta otra cosa .asi estamos nosotros con estos habladores y corruptos que nos gobiernan .|3930060554|False|https://z-p42-instagram.faqp1-1.fna.fbcdn.net/v/t51.2885-19/s150x150/14350400_1421310281216730_1832284360_a.jpg?_nc_ad=z-m&_nc_ht=z-p42-instagram.faqp1-1.fna.fbcdn.net&_nc_ohc=3PgR-SyTcIUAX-_uw2j&_nc_tp=25&oh=5642df2dd2bfbafa9a89f7ce5d951fe3&oe=5FDAF734|josejoaquingomezperez|0|2443002606245066466|2443002606245066466
17862784592164376|1605473111|Si quemaran el partidos del PLD el pa√≠s se arecla|4123389267|False|https://z-p42-instagram.faqp1-1.fna.fbcdn.net/v/t51.2885-19/s150x150/51050484_2439830022957095_1496130309710675968_n.jpg?_nc_ad=z-m&_nc_ht=z-p42-instagram.faqp1-1.fna.fbcdn.net&_nc_ohc=NWaixIudc7kAX9M48iC&_nc_tp=25&oh=d8b7873891398ee5a2a56ce8a7bf388e&oe=5FDBB6FF|fracasoantonio|0|2443002606245066466|2443002606245066466
17868252497115006|1605463063|ü§îü§î No creo que se recupere mas r√°pido que tus propios intereses!! Pero si te bajas el salario, es seguro que s√≠.|1465819041|False|https://z-p42-instagram.faqp1-1.fna.fbcdn.net/v/t51.2885-19/s150x150/66116554_411559946233835_6647778663108444160_n.jpg?_nc_ad=z-m&_nc_ht=z-p42-instagram.faqp1-1.fna.fbcdn.net&_nc_ohc=BmuNs1zbeuMAX_7LJUv&_nc_tp=25&oh=16d38d89a73540b6bc35f60abc9a05c9&oe=5FDB3F29|hairotejeda|0|2443002606245066466|2443002606245066466
17903316445596162|1605459452|Claro, comiendo pr√©stamos y explotando al pueblo, cuando vendr√° un gobierno que en realidad piense en el pueblo.|1752621926|False|https://z-p42-instagram.faqp1-1.fna.fbcdn.net/v/t51.2885-19/s150x150/25009094_295862534267245_6879413044019986432_n.jpg?_nc_ad=z-m&_nc_ht=z-p42-instagram.faqp1-1.fna.fbcdn.net&_nc_ohc=lsYYRb2pxcwAX-YPmPc&_nc_tp=25&oh=f8d3280fa658eeddc1d2fd95faf494ff&oe=5FDA290B|rubpany1380|0|2443002606245066466|2443002606245066466
17855368751308924|1605457679|Con tus n√∫meros crecemos un 20%aunque nos muramos de hambre|9267814862|False|https://z-p42-instagram.faqp1-1.fna.fbcdn.net/v/t51.2885-19/s150x150/46937782_261120781227411_5946718006150168576_n.jpg?_nc_ad=z-m&_nc_ht=z-p42-instagram.faqp1-1.fna.fbcdn.net&_nc_ohc=AZk2NM1_h-QAX9LwFb8&_nc_tp=25&oh=b0bfa8934f54eed36001e3ea25424707&oe=5FDA0130|william63580|1|2443002606245066466|2443002606245066466
18127844515084259|1605455921|Ah no este tipo tiene una varita m√°gica,jablador,vive bien a costra de sangre un pueblo ignorantes..Un mill√≥n m√°s todas los cargos por asistencia,gasolina,viaticos,hospedaje ect,QUIEN LE PONE EL CASCABEL AL üêà|4769459603|False|https://z-p42-instagram.faqp1-1.fna.fbcdn.net/v/t51.2885-19/s150x150/16790017_1836639406601118_4925270922262216704_a.jpg?_nc_ad=z-m&_nc_ht=z-p42-instagram.faqp1-1.fna.fbcdn.net&_nc_ohc=FRu6iZYxd_UAX-SY1Ny&_nc_tp=25&oh=9aa66339fef15f93bf7ebb46c4e5f4c3&oe=5FDA5C0D|rayekaso.5|0|2443002606245066466|2443002606245066466
18078401410237774|1605455775|Mentira suyo hablado|1405808615|False|https://z-p42-instagram.faqp1-1.fna.fbcdn.net/v/t51.2885-19/s150x150/122900561_361524851825725_3639126720313874118_n.jpg?_nc_ad=z-m&_nc_ht=z-p42-instagram.faqp1-1.fna.fbcdn.net&_nc_ohc=h7rn_80HYW0AX_hW8dV&_nc_tp=25&oh=202b3d92bb6c266eec20d9ee9a96e2cc&oe=5FDA2244|elcasachica30|0|2443002606245066466|2443002606245066466
17944500250397532|1605455459|Todo el equipo econ√≥mico del gobierno es muy bueno las personas que est√°n ah√≠ no est√°n por cu√±as pol√≠ticas los nombraron por sus conocimientos y habilidades yo lo creo no ser√° tan r√°pido pero puede que sea verdad|2347565074|False|https://z-p42-instagram.faqp1-1.fna.fbcdn.net/v/t51.2885-19/s150x150/94487917_164608308233682_7388785311943229440_n.jpg?_nc_ad=z-m&_nc_ht=z-p42-instagram.faqp1-1.fna.fbcdn.net&_nc_ohc=yEMnKU0eAtQAX_ZwYvW&_nc_tp=25&oh=35dad2aa5ca9cf79d0b7c96f3c180eba&oe=5FDBE21B|caro110628|0|2443002606245066466|2443002606245066466
18091950433201474|1605454822|ü§£ü§£ü§£ü§£ü§£|8167110234|False|https://z-p42-instagram.faqp1-1.fna.fbcdn.net/v/t51.2885-19/s150x150/36616903_1474829509329874_6298277623541792768_n.jpg?_nc_ad=z-m&_nc_ht=z-p42-instagram.faqp1-1.fna.fbcdn.net&_nc_ohc=FsSecTWouJsAX_qr69X&_nc_tp=25&oh=4f02cb816123dd6907b3ec010513d59f&oe=5FDC3D72|juanortiz179|0|2443002606245066466|2443002606245066466
17867075516129996|1605454795|Pero para un Grupo|33791928924|False|https://z-p42-instagram.faqp1-1.fna.fbcdn.net/v/t51.2885-19/s150x150/118639435_317568189583678_2273548945483876288_n.jpg?_nc_ad=z-m&_nc_ht=z-p42-instagram.faqp1-1.fna.fbcdn.net&_nc_ohc=rsFdHk63o0UAX_YgVjw&_nc_tp=25&oh=1e88313638b79232964082db679bcc1e&oe=5FDACCB5|aitana0606|0|2443002606245066466|2443002606245066466
17904089626586661|1605452281|Y porque el pueblo esta muriendo de hambre?|2912356762|False|https://z-p42-instagram.faqp1-1.fna.fbcdn.net/v/t51.2885-19/s150x150/124039609_693659957986120_3787933567023864346_n.jpg?_nc_ad=z-m&_nc_ht=z-p42-instagram.faqp1-1.fna.fbcdn.net&_nc_ohc=jFm8JBImwZ0AX96alah&_nc_tp=25&oh=2627221e8ee65939bb019718e8359ba9&oe=5FDD414F|marioflow_23|1|2443002606245066466|2443002606245066466
18043669168274455|1605451480|Eso es real pero caer√° en el 2023 de forma inimaginable|8621635096|False|https://z-p42-instagram.faqp1-1.fna.fbcdn.net/v/t51.2885-19/s150x150/65313310_2249722942007291_2336067308255969280_n.jpg?_nc_ad=z-m&_nc_ht=z-p42-instagram.faqp1-1.fna.fbcdn.net&_nc_ohc=jn8KJ4t2dxAAX_RZSQk&_nc_tp=25&oh=22d3458f8986f38f7af3cf05d10f1695&oe=5FDB217B|loveorgreed|0|2443002606245066466|2443002606245066466
17985651925308785|1605450835|Gracias a Dio|2003115579|False|https://z-p42-instagram.faqp1-1.fna.fbcdn.net/v/t51.2885-19/s150x150/118285704_613386622707529_710700632066764728_n.jpg?_nc_ad=z-m&_nc_ht=z-p42-instagram.faqp1-1.fna.fbcdn.net&_nc_ohc=25WZcQl_ww0AX8VkNl_&_nc_tp=25&oh=79dead4888c874e01e43e5f4a5e6403c&oe=5FDAB697|vilmajimenezpichardo|1|2443002606245066466|2443002606245066466
17862185294206563|1605449764|Jjjja ser√° los negocio de grupito de don luus|4179081064|False|https://z-p42-instagram.faqp1-1.fna.fbcdn.net/v/t51.2885-19/s150x150/15048089_1209091089183978_5879643059506905088_a.jpg?_nc_ad=z-m&_nc_ht=z-p42-instagram.faqp1-1.fna.fbcdn.net&_nc_ohc=nfwF2nmT-sMAX-5buEy&_nc_tp=25&oh=e91aea15a5dd88b0049b4426ac24f037&oe=5FDB2668|miriancruzz33|1|2443002606245066466|2443002606245066466
18083218126218874|1605449638|No digo con todo el desfalco al usuario con intereses y demas|2873537312|False|https://z-p42-instagram.faqp1-1.fna.fbcdn.net/v/t51.2885-19/s150x150/76975393_591831218377113_5839790703943882979_n.jpg?_nc_ad=z-m&_nc_ht=z-p42-instagram.faqp1-1.fna.fbcdn.net&_nc_ohc=jXeIPY6pgWQAX_b8Jee&_nc_tp=25&oh=2ba64b0ce2af69e28a3c42af5199df30&oe=5FDA74CA|naircustsa|0|2443002606245066466|2443002606245066466
17905564219564094|1605449356|OJAL√Å QUE LLUEVA CAF√â EN EL CAMPO üôè üôè|9145912194|False|https://z-p42-instagram.faqp1-1.fna.fbcdn.net/v/t51.2885-19/s150x150/43360364_555175868287181_2749755414290628608_n.jpg?_nc_ad=z-m&_nc_ht=z-p42-instagram.faqp1-1.fna.fbcdn.net&_nc_ohc=LXUTZmb2XmUAX8JLKKZ&_nc_tp=25&oh=958ec5b5c03f43fc934e135d07de3cbb&oe=5FDAE59A|alejandrinah_|2|2443002606245066466|2443002606245066466
17885867458781573|1605449342|Que se baje el sueldo para que suba m√°s r√°pido|4769947919|False|https://z-p42-instagram.faqp1-1.fna.fbcdn.net/v/t51.2885-19/s150x150/123144554_834733087275806_7099674242704363514_n.jpg?_nc_ad=z-m&_nc_ht=z-p42-instagram.faqp1-1.fna.fbcdn.net&_nc_ohc=rGdK2EQUoyYAX8ETKYp&_nc_tp=25&oh=ce68fe42b57769fc2c7ae95086f535b4&oe=5FDBAF8F|yunc402|4|2443002606245066466|2443002606245066466
17903222707575121|1605484549|@yunc402 deber√≠a si ese cabr√≥nüòÇüòÇüòÇ|3930060554|False|https://z-p42-instagram.faqp1-1.fna.fbcdn.net/v/t51.2885-19/s150x150/14350400_1421310281216730_1832284360_a.jpg?_nc_ad=z-m&_nc_ht=z-p42-instagram.faqp1-1.fna.fbcdn.net&_nc_ohc=3PgR-SyTcIUAX-_uw2j&_nc_tp=25&oh=5642df2dd2bfbafa9a89f7ce5d951fe3&oe=5FDAF734|josejoaquingomezperez|0|17885867458781573|2443002606245066466
17879521963914833|1605449195|ClaroüôÑya se fue el PLD|2200481433|False|https://z-p42-instagram.faqp1-1.fna.fbcdn.net/v/t51.2885-19/s150x150/97152266_2719639498247556_3145290527516131328_n.jpg?_nc_ad=z-m&_nc_ht=z-p42-instagram.faqp1-1.fna.fbcdn.net&_nc_ohc=Af9QR6P5r4YAX_S2xyS&_nc_tp=25&oh=d3b3d811fbd72e6b29a639faa67fe37f&oe=5FDBC836|ramiram26|0|2443002606245066466|2443002606245066466
17993522302307739|1605449114|Hijos de su maldita madre co√±o maricones .dejend e juagr con la mente del pueblo mal nacidos del diablo|7589370599|False|https://z-p42-instagram.faqp1-1.fna.fbcdn.net/v/t51.2885-19/s150x150/30830137_186336648678063_6796478844736897024_n.jpg?_nc_ad=z-m&_nc_ht=z-p42-instagram.faqp1-1.fna.fbcdn.net&_nc_ohc=RWunMQZdllYAX9apmxQ&_nc_tp=25&oh=e2ce0cdd2cc7cab4e7fde708a72c81b1&oe=5FDBB18F|luislopez6668|0|2443002606245066466|2443002606245066466
18141294472114671|1605448895|Ser√° la econom√≠a de ellos, porque la econom√≠a del pueblo de a pie la veo fea con los precios de los alimentos cada d√≠a m√°s carosüòèüòèüòè|414417642|False|https://z-p42-instagram.faqp1-1.fna.fbcdn.net/v/t51.2885-19/s150x150/83904371_541011636513734_2122884282941702144_n.jpg?_nc_ad=z-m&_nc_ht=z-p42-instagram.faqp1-1.fna.fbcdn.net&_nc_ohc=gUbX0F3Ee2sAX90lAuV&_nc_tp=25&oh=7689260cfe020e0b4d6dd98a42550ad4&oe=5FDABFE1|wnovas|1|2443002606245066466|2443002606245066466
17904032467579446|1605448869|Este se√±or cambia de chip muy f√°cilmente, solamente hay que colocarle tres millones mensuales en su cuenta.|6876195102|False|https://z-p42-instagram.faqp1-1.fna.fbcdn.net/v/t51.2885-19/s150x150/49933697_771629666510055_1921705931737923584_n.jpg?_nc_ad=z-m&_nc_ht=z-p42-instagram.faqp1-1.fna.fbcdn.net&_nc_ohc=b4eeWNFwU6UAX_37IWw&_nc_tp=25&oh=218ae8b3525ab65bf5a82d8212e946df&oe=5FDCD795|fahg59|0|2443002606245066466|2443002606245066466
18088014388211149|1605503665|Eso quiere decir que ahora est√° descapitalizado tratando de mantener la tasa por la falta de entrada de divisas en d√≥lares??|5890956919|False|https://z-p42-instagram.faqp1-1.fna.fbcdn.net/v/t51.2885-19/s150x150/20837631_1271256416317965_2080647900970352640_a.jpg?_nc_ad=z-m&_nc_ht=z-p42-instagram.faqp1-1.fna.fbcdn.net&_nc_ohc=T0LY8XzEEbgAX-9sLqJ&_nc_tp=25&oh=2ca1628bdf9ff9f30a92507e70d06bbc&oe=5FDB569F|danicando|0|2443008866966718419|2443008866966718419
17871707570075774|1605452990|üá©üá¥üëçüèΩ|28088699927|False|https://z-p42-instagram.faqp1-1.fna.fbcdn.net/v/t51.2885-19/s150x150/103019704_575531933370989_912351078186418493_n.jpg?_nc_ad=z-m&_nc_ht=z-p42-instagram.faqp1-1.fna.fbcdn.net&_nc_ohc=WX9QGDENA_8AX_19COJ&_nc_tp=25&oh=e2b95ec9bdbd009d75f8b862427c6488&oe=5FDB9DFB|canafirmsolutions_srl|0|2443008866966718419|2443008866966718419
18173158564030334|1605463131|‚ù§Ô∏è‚ù§Ô∏è|3575547352|False|https://z-p42-instagram.faqp1-1.fna.fbcdn.net/v/t51.2885-19/s150x150/119888968_363904518317779_7114441825392392996_n.jpg?_nc_ad=z-m&_nc_ht=z-p42-instagram.faqp1-1.fna.fbcdn.net&_nc_ohc=6plQnJD3I4sAX_M89_P&_nc_tp=25&oh=76576d95c463dc1f60eb2fde4b532091&oe=5FDBB88D|elianeramos28|1|2443013595138731784|2443013595138731784
17897196784649088|1605517232|Claro  con ese toque keda sac√°ndole dinero alos pobres|8222176858|False|https://z-p42-instagram.faqp1-1.fna.fbcdn.net/v/t51.2885-19/s150x150/58410940_447563856016594_8089954945106706432_n.jpg?_nc_ad=z-m&_nc_ht=z-p42-instagram.faqp1-1.fna.fbcdn.net&_nc_ohc=S1iM9qyTNqwAX8uD8J3&_nc_tp=25&oh=04ac428521a0f352d7f43e5bd0841013&oe=5FDAF827|kinya_rd|0|2443015039580134628|2443015039580134628
17849129777407610|1605509192|Si buen ladronazo|6883016552|False|https://z-p42-instagram.faqp1-1.fna.fbcdn.net/v/t51.2885-19/s150x150/52869041_2169718823112448_7421913498503872512_n.jpg?_nc_ad=z-m&_nc_ht=z-p42-instagram.faqp1-1.fna.fbcdn.net&_nc_ohc=WuORs2ndKD0AX8XrWU_&_nc_tp=25&oh=99372a5d9f9d1ced9988f2e3523bd7b9&oe=5FDAAD66|zuleicamachuca|0|2443015039580134628|2443015039580134628
17860524107211931|1605493341|Me encantan los sue√±os que tienen esta gente, parecen vivir en el pa√≠s de Alicia. Estamos endeudados hasta la tambora y estos cirqueros solo dicen que la econom√≠a se va a restaurar.|33422082068|False|https://z-p42-instagram.faqp1-1.fna.fbcdn.net/v/t51.2885-19/s150x150/93435775_2662185124060401_7857456820502134784_n.jpg?_nc_ad=z-m&_nc_ht=z-p42-instagram.faqp1-1.fna.fbcdn.net&_nc_ohc=QOluyA14d7YAX-tYgN5&_nc_tp=25&oh=76fefa48ca847f4ac0953750f0946414&oe=5FDA7978|equilibrio371|0|2443015039580134628|2443015039580134628
17883781330857943|1605491444|Haci√©ndose lo mismo desde el Bco Central no creo q consigamos resultados diferentes como los que verdaderamente desea el pueblo, el mismo nivel de crecimiento para todos !!!|3609207345|False|https://z-p42-instagram.faqp1-1.fna.fbcdn.net/v/t51.2885-19/s150x150/93782380_2570190389863555_6452052596793278464_n.jpg?_nc_ad=z-m&_nc_ht=z-p42-instagram.faqp1-1.fna.fbcdn.net&_nc_ohc=Pk-55CDC_OoAX8bGr39&_nc_tp=25&oh=52a3d3bb8b4b8958628f189257150edc&oe=5FD9F1E3|jricocordero|0|2443015039580134628|2443015039580134628
17848268471394604|1605491243|Con sueldos de miseria e infrahumanos donde la gente comun se muere por no ganar para vivir dignamente; as√≠ no se sale de pobreza querido amigo Valdez Albizu, lo que si se puede es seguir  maquillando la econom√≠a como se ha venido haciendo ???|3609207345|False|https://z-p42-instagram.faqp1-1.fna.fbcdn.net/v/t51.2885-19/s150x150/93782380_2570190389863555_6452052596793278464_n.jpg?_nc_ad=z-m&_nc_ht=z-p42-instagram.faqp1-1.fna.fbcdn.net&_nc_ohc=Pk-55CDC_OoAX8bGr39&_nc_tp=25&oh=52a3d3bb8b4b8958628f189257150edc&oe=5FD9F1E3|jricocordero|0|2443015039580134628|2443015039580134628
17870178464083509|1605486556|B√°rbaro.... Tu genialidad es sorprendente!|6050992459|False|https://z-p42-instagram.faqp1-1.fna.fbcdn.net/v/t51.2885-19/s150x150/45868076_1289848901183499_4309134228445986816_n.jpg?_nc_ad=z-m&_nc_ht=z-p42-instagram.faqp1-1.fna.fbcdn.net&_nc_ohc=5ul0-dpAY30AX8M6jpK&_nc_tp=25&oh=a9028b324c75f35a1f8b4004ee922138&oe=5FDBC651|mercedes.perez30_|0|2443015039580134628|2443015039580134628
17866574477106216|1605485769|UN PAIS DANDO 12 HORAS DE APAGONES, LA GENTE QUIERE TRABAJAR Y EL ESTADO NO LE OFRECE  GARANTIA DE NADA.|43817712705|False|https://z-p42-instagram.faqp1-1.fna.fbcdn.net/v/t51.2885-19/s150x150/121253620_266094091352206_5253448516220835733_n.jpg?_nc_ad=z-m&_nc_ht=z-p42-instagram.faqp1-1.fna.fbcdn.net&_nc_ohc=AcefI8MuGKYAX8rgpka&_nc_tp=25&oh=ed389cd979c98ff7c22db69cd9f2263c&oe=5FDB7898|margaret_thatcher_rd|0|2443015039580134628|2443015039580134628
17865696929121756|1605485257|üëçsabe de eso üëèüëèüëè...muy bien|2124814285|False|https://z-p42-instagram.faqp1-1.fna.fbcdn.net/v/t51.2885-19/s150x150/28156564_577352239269708_5884988932285792256_n.jpg?_nc_ad=z-m&_nc_ht=z-p42-instagram.faqp1-1.fna.fbcdn.net&_nc_ohc=bDILXbjLlLYAX_Pl5Wl&_nc_tp=25&oh=e99c4871f6557ce40ea5fb4ed4266acd&oe=5FDA4B30|angel_perez_104|0|2443015039580134628|2443015039580134628
17908558387559449|1605484872|Cobrando 2 mil por preso a si cualquiera y los ladrones del PLD muy campantes @luisabinader empiece a meter medidas|223436222|False|https://z-p42-instagram.faqp1-1.fna.fbcdn.net/v/t51.2885-19/s150x150/52351672_2328285503849218_262409960481095680_n.jpg?_nc_ad=z-m&_nc_ht=z-p42-instagram.faqp1-1.fna.fbcdn.net&_nc_ohc=Epjpncr3Wj0AX-pJpvv&_nc_tp=25&oh=e54b48c057f7938fb4f60909f177c808&oe=5FDB56C5|adderlyrs|0|2443015039580134628|2443015039580134628
17882697058888315|1605483212|El mejor üí™üëèüëèüëè|1523248927|False|https://z-p42-instagram.faqp1-1.fna.fbcdn.net/v/t51.2885-19/s150x150/122740845_358784122035986_8075398744166474614_n.jpg?_nc_ad=z-m&_nc_ht=z-p42-instagram.faqp1-1.fna.fbcdn.net&_nc_ohc=WmfpU1ltkj8AX-Qxhr9&_nc_tp=25&oh=08662ce7fff6a85cdc7cea3d92bd6956&oe=5FDD9F11|leonel_mota|0|2443015039580134628|2443015039580134628
17880906397869834|1605482313|Am√©n|3609361202|False|https://z-p42-instagram.faqp1-1.fna.fbcdn.net/v/t51.2885-19/s150x150/122408213_1254538348247579_1316079098434888231_n.jpg?_nc_ad=z-m&_nc_ht=z-p42-instagram.faqp1-1.fna.fbcdn.net&_nc_ohc=jiqkk_u1aG8AX8Fwsww&_nc_tp=25&oh=6e9ded7ebace66697f868e48a8a80c23&oe=5FDBEC67|leydania07|0|2443015039580134628|2443015039580134628
17876140819983768|1605481379|Entonces no hace falta mas impuestos@luisabinader.|281793455|False|https://z-p42-instagram.faqp1-1.fna.fbcdn.net/v/t51.2885-19/11313594_1460057237632720_37268921_a.jpg?_nc_ad=z-m&_nc_ht=z-p42-instagram.faqp1-1.fna.fbcdn.net&_nc_ohc=BMmmpNV5BxwAX-hoR2F&oh=21b93b2655716c8bf92ecb4e0aeaf9c1&oe=5FDA4121|fannytorres0131|0|2443015039580134628|2443015039580134628
17848297880400843|1605477761|üôåüèªüëèüèºüëèüèºdecl√°ralo|1224245506|False|https://z-p42-instagram.faqp1-1.fna.fbcdn.net/v/t51.2885-19/s150x150/82260518_2661493497470064_7380720126866169065_n.jpg?_nc_ad=z-m&_nc_ht=z-p42-instagram.faqp1-1.fna.fbcdn.net&_nc_ohc=T8EnQG2Xk6gAX-XWnMH&_nc_tp=25&oh=741fb41f0dbdb2314bd65a7733ab42b2&oe=5FDD3120|rociovillar17|0|2443015039580134628|2443015039580134628
17846144912474200|1605477410|M√°s Pr√©stamosüòîüòî|574746564|False|https://z-p42-instagram.faqp1-1.fna.fbcdn.net/v/t51.2885-19/s150x150/13722244_268125800229295_419753821_a.jpg?_nc_ad=z-m&_nc_ht=z-p42-instagram.faqp1-1.fna.fbcdn.net&_nc_ohc=NClHQZ0GfLsAX_7qHWJ&_nc_tp=25&oh=bec376bba24a84178a08e3354f778de5&oe=5FDBB3C8|agmfigueroa|0|2443015039580134628|2443015039580134628
17882920345872440|1605476989|Claro y se lo creo. con lo caro que es todo aqu√≠ en RD y en vez de bajar todo sube y m√°s los combustibles no digo yo que la econom√≠a del pa√≠s sea la que suba m√°s r√°pido|1533656768|False|https://z-p42-instagram.faqp1-1.fna.fbcdn.net/v/t51.2885-19/s150x150/122414949_274657267120568_6246827810018935911_n.jpg?_nc_ad=z-m&_nc_ht=z-p42-instagram.faqp1-1.fna.fbcdn.net&_nc_ohc=suO2849VT9wAX-dXvTm&_nc_tp=25&oh=429c92d4ea39c680a8ef3fdcf68245fc&oe=5FDCA45C|sandy.vasquez0693|0|2443015039580134628|2443015039580134628
17948471854387914|1605476009|Dios lo escuche|391513082|False|https://z-p42-instagram.faqp1-1.fna.fbcdn.net/v/t51.2885-19/11850113_1483390205294839_1587673969_a.jpg?_nc_ad=z-m&_nc_ht=z-p42-instagram.faqp1-1.fna.fbcdn.net&_nc_ohc=laMPgHUBRrUAX9ifa38&oh=c148e8c4e3d5491cee77ce6437c4c261&oe=5FDB8FC3|margenlg|0|2443015039580134628|2443015039580134628
17859993998252183|1605475778|Le pagan mas de dos millones para hablar mentiras .|1555685448|False|https://z-p42-instagram.faqp1-1.fna.fbcdn.net/v/t51.2885-19/s150x150/57487931_856877487979703_9010233039250259968_n.jpg?_nc_ad=z-m&_nc_ht=z-p42-instagram.faqp1-1.fna.fbcdn.net&_nc_ohc=xUcse7xv5EcAX-DixBG&_nc_tp=25&oh=72bf2a4d0d0270af3a2a7f31c36fd543&oe=5FDA6C52|23anavictoria|0|2443015039580134628|2443015039580134628
17882532379882185|1605474509|üôåüèªüôåüèªüôåüèª üá©üá¥Dios con todos!!! Presidente @luisabinader representa para el pa√≠s luz y grandes bonanzas!!! Lo digo y lo sostendr√©.|533195402|False|https://z-p42-instagram.faqp1-1.fna.fbcdn.net/v/t51.2885-19/s150x150/52136337_376875369818646_5813660391766491136_n.jpg?_nc_ad=z-m&_nc_ht=z-p42-instagram.faqp1-1.fna.fbcdn.net&_nc_ohc=ZtO5bPPZvvIAX_8Pb_T&_nc_tp=25&oh=894e9b24c953dd7121789c6507cbc4fe&oe=5FDC6372|karencapellan3|0|2443015039580134628|2443015039580134628
17847441248405975|1605473717|f|2138528677|False|https://z-p42-instagram.faqp1-1.fna.fbcdn.net/v/t51.2885-19/s150x150/121450068_381554606315397_1248114469348211445_n.jpg?_nc_ad=z-m&_nc_ht=z-p42-instagram.faqp1-1.fna.fbcdn.net&_nc_ohc=3XGDGJhFoZ0AX-cu7Rp&_nc_tp=25&oh=f7f254093cdfe0be0906e43f6cc33c23&oe=5FDB2448|omy_paula|0|2443015039580134628|2443015039580134628
17844928640481720|1605473700|Ese sabe de eso.|2254148015|False|https://z-p42-instagram.faqp1-1.fna.fbcdn.net/v/t51.2885-19/s150x150/80669587_475872866406007_6296576687643557888_n.jpg?_nc_ad=z-m&_nc_ht=z-p42-instagram.faqp1-1.fna.fbcdn.net&_nc_ohc=Z-yMQ51gFH0AX98nLSQ&_nc_tp=25&oh=493ca4f20417858b8ba493b4482583a3&oe=5FDD46B7|marinovasquez17|0|2443015039580134628|2443015039580134628
18171329548012502|1605473405|Claro de la forma que est√°n actuando como no..|28029003579|False|https://z-p42-instagram.faqp1-1.fna.fbcdn.net/v/t51.2885-19/s150x150/81175692_771747193334972_3141137358565408768_n.jpg?_nc_ad=z-m&_nc_ht=z-p42-instagram.faqp1-1.fna.fbcdn.net&_nc_ohc=qHiKEXal5QgAX9cOHbu&_nc_tp=25&oh=82243826bb504b213c04851cafdfe0f0&oe=5FDB6C99|ladyesthervalette|0|2443015039580134628|2443015039580134628
17874072395011297|1605473286|Claro con los alimentos y todo por las nubes no digo yo üò™|3413182095|False|https://z-p42-instagram.faqp1-1.fna.fbcdn.net/v/t51.2885-19/s150x150/120362208_4574978969211094_77480117500367515_n.jpg?_nc_ad=z-m&_nc_ht=z-p42-instagram.faqp1-1.fna.fbcdn.net&_nc_ohc=Y0E03MzEWv4AX-RruJs&_nc_tp=25&oh=a9359482fa53ce09a48823e14f2bc567&oe=5FDB07D2|virginiafernandezvel|0|2443015039580134628|2443015039580134628
17905478695563916|1605473179|Banco popular acabandonos|3938896787|False|https://z-p42-instagram.faqp1-1.fna.fbcdn.net/v/t51.2885-19/s150x150/118333911_1773626469443590_4714993832970293192_n.jpg?_nc_ad=z-m&_nc_ht=z-p42-instagram.faqp1-1.fna.fbcdn.net&_nc_ohc=dVk2aRBVwooAX8m5sQt&_nc_tp=25&oh=9f834718578dd34346d83ef35e7aac36&oe=5FDBC32C|sosa8431|0|2443015039580134628|2443015039580134628
18142451986106280|1605471607|ü§£üòÇüòÖü§£üòÇüòÖ|997796315|False|https://z-p42-instagram.faqp1-1.fna.fbcdn.net/v/t51.2885-19/s150x150/101024586_267377024624701_7034688468391297024_n.jpg?_nc_ad=z-m&_nc_ht=z-p42-instagram.faqp1-1.fna.fbcdn.net&_nc_ohc=8uTnqauw12wAX8R0pTA&_nc_tp=25&oh=0a5afc823028dcf195bb5a4aa798533f&oe=5FDD2286|carlosnolascosarafian|0|2443015039580134628|2443015039580134628
17863279412195722|1605471494|Cada vez que este tipo se arrebata comienza hablar mierda üí©|2314710769|False|https://z-p42-instagram.faqp1-1.fna.fbcdn.net/v/t51.2885-19/s150x150/22708881_1481504035301954_7905901195447762944_n.jpg?_nc_ad=z-m&_nc_ht=z-p42-instagram.faqp1-1.fna.fbcdn.net&_nc_ohc=kLkl7fMnbsQAX9URDNb&_nc_tp=25&oh=ec0278ab4002fef4aa478bf2b9ebcf94&oe=5FDBB4B3|montito63|0|2443015039580134628|2443015039580134628
18127495948134206|1605471476|Ojala pq aii que olla|1268098324|False|https://z-p42-instagram.faqp1-1.fna.fbcdn.net/v/t51.2885-19/s150x150/125376142_367863931177148_607099171174761874_n.jpg?_nc_ad=z-m&_nc_ht=z-p42-instagram.faqp1-1.fna.fbcdn.net&_nc_ohc=o3kyvquJvFAAX-OZmpQ&_nc_tp=25&oh=a7f8189747efaf9b46271b75c0a06306&oe=5FDD0560|johasq740|0|2443015039580134628|2443015039580134628
17886947815817074|1605469976|Cuanto van a tomar en pr√©stamos?|2147452722|False|https://z-p42-instagram.faqp1-1.fna.fbcdn.net/v/t51.2885-19/s150x150/106387429_305231550649933_398089236419176025_n.jpg?_nc_ad=z-m&_nc_ht=z-p42-instagram.faqp1-1.fna.fbcdn.net&_nc_ohc=_QV00j9yzN8AX_RodNj&_nc_tp=25&oh=bfc3f5a99fb1e1cd1be2f8746512b88b&oe=5FDA6037|ralf206|0|2443015039580134628|2443015039580134628
17863413233161324|1605468930|Ah√≠  si te creo albiz√∫....|3884185132|False|https://z-p42-instagram.faqp1-1.fna.fbcdn.net/v/t51.2885-19/s150x150/72599861_2468117149970829_9164901412943953920_n.jpg?_nc_ad=z-m&_nc_ht=z-p42-instagram.faqp1-1.fna.fbcdn.net&_nc_ohc=gSC0dX5Hl7QAX_WxqOV&_nc_tp=25&oh=20d64a3a29decae7a708f2a36c2a3f40&oe=5FDB16E8|cgomez_art|0|2443015039580134628|2443015039580134628
17850272111365038|1605467945|Si quitan el toque de queda.|334705657|False|https://z-p42-instagram.faqp1-1.fna.fbcdn.net/v/t51.2885-19/s150x150/85043105_806404649836184_3956255252935606272_n.jpg?_nc_ad=z-m&_nc_ht=z-p42-instagram.faqp1-1.fna.fbcdn.net&_nc_ohc=lvvhPo9MWwMAX_amu5G&_nc_tp=25&oh=ab4d7722361791e8f75607a0d4ab5b76&oe=5FDC785A|ultrachan|0|2443015039580134628|2443015039580134628
17881865275858946|1605467792|Y tu m√°s recupera para el bolsillo|20031234800|False|https://z-p42-instagram.faqp1-1.fna.fbcdn.net/v/t51.2885-19/s150x150/70451550_496373371198538_7299709919312216064_n.jpg?_nc_ad=z-m&_nc_ht=z-p42-instagram.faqp1-1.fna.fbcdn.net&_nc_ohc=n4x-BA-uVrsAX8LfBl3&_nc_tp=25&oh=72afa188c90b6f7de7dcb93d60213178&oe=5FDA9431|gloriamoca41gmail.c|0|2443015039580134628|2443015039580134628
17847413783420702|1605467312|El combustible no ha bajando, los pl√°tanos han subido y m√°s producto|22247076754|False|https://z-p42-instagram.faqp1-1.fna.fbcdn.net/v/t51.2885-19/s150x150/104433026_292968171829250_1559787993332752454_n.jpg?_nc_ad=z-m&_nc_ht=z-p42-instagram.faqp1-1.fna.fbcdn.net&_nc_ohc=WlwbvkfeASUAX9LmSTf&_nc_tp=25&oh=1dbdb03dd2a59ddc79bc6451ef5c8bf9&oe=5FDD9354|moises.dilone.37|0|2443015039580134628|2443015039580134628
17948059900379271|1605466734|Normal. Tienen al gobierno tomando millones prestado y anunciando que hay que subir impuestos para el 2021.|43808110189|False|https://z-p42-instagram.faqp1-1.fna.fbcdn.net/v/t51.2885-19/s150x150/121577086_716912652233393_4431902048990872808_n.jpg?_nc_ad=z-m&_nc_ht=z-p42-instagram.faqp1-1.fna.fbcdn.net&_nc_ohc=7KEcrhA6xkoAX_o9BsP&_nc_tp=25&oh=65ed90efab34833ab117fc74c338260a&oe=5FD9FAC3|ingdlarosa|0|2443015039580134628|2443015039580134628
17854290383322482|1605466675|üëèüèæüëèüèæ|174708963|False|https://z-p42-instagram.faqp1-1.fna.fbcdn.net/v/t51.2885-19/s150x150/106005217_671038053480455_8255443776181604653_n.jpg?_nc_ad=z-m&_nc_ht=z-p42-instagram.faqp1-1.fna.fbcdn.net&_nc_ohc=3uhRCvJL1VIAX8xu1WW&_nc_tp=25&oh=3a1c70a5b5e0ea556d08fa7120c9edf5&oe=5FDA1A7E|gabriellacuevas|0|2443015039580134628|2443015039580134628
17885104921807850|1605466618|Este tipo le le hace el juego a toh|4170218007|False|https://z-p42-instagram.faqp1-1.fna.fbcdn.net/v/t51.2885-19/s150x150/14582210_1093318714117461_507180146680135680_a.jpg?_nc_ad=z-m&_nc_ht=z-p42-instagram.faqp1-1.fna.fbcdn.net&_nc_ohc=Npnst_LQP6gAX9pSeLY&_nc_tp=25&oh=087ef6286e5bc4f65813a64fea233a9c&oe=5FDA55C1|joeli025|0|2443015039580134628|2443015039580134628
18171740146019176|1605466177|Y el pa√≠s no estaba roto y quebrado cuanta doble moral|243021443|False|https://z-p42-instagram.faqp1-1.fna.fbcdn.net/v/t51.2885-19/s150x150/118999647_3627594987258932_546496096325989582_n.jpg?_nc_ad=z-m&_nc_ht=z-p42-instagram.faqp1-1.fna.fbcdn.net&_nc_ohc=ZxFZHKeJ3XAAX-nSf9f&_nc_tp=25&oh=62594fb1ec62b74e01eca6ceed367198&oe=5FDBB4A3|castrogastro|0|2443015039580134628|2443015039580134628
17867059196132647|1605463905|El vendedor de sue√±os.... en RD s√≥lo se infla, no se desinfla üòÇ|3423286072|False|https://z-p42-instagram.faqp1-1.fna.fbcdn.net/v/t51.2885-19/s150x150/90901580_143691420378623_4473485077627535360_n.jpg?_nc_ad=z-m&_nc_ht=z-p42-instagram.faqp1-1.fna.fbcdn.net&_nc_ohc=uNVPpzO5bdIAX8Hfsol&_nc_tp=25&oh=29252a34175a90c554e68b526eee3a9d&oe=5FDD0E77|picapollochino|0|2443015039580134628|2443015039580134628
17885214475797594|1605463858|Co√±o tu ta hablando mierda...|1324259875|False|https://z-p42-instagram.faqp1-1.fna.fbcdn.net/v/t51.2885-19/s150x150/91339361_160407001815792_147922964346568704_n.jpg?_nc_ad=z-m&_nc_ht=z-p42-instagram.faqp1-1.fna.fbcdn.net&_nc_ohc=xeuUVi4dBvYAX-4uweS&_nc_tp=25&oh=5cc89921d8177d8f0efcae0b20aa9c03&oe=5FDA245B|williamspaula1|0|2443015039580134628|2443015039580134628
17844510830469964|1605463680|Le creo, porque el es de @danilomedina|1048180574|False|https://z-p42-instagram.faqp1-1.fna.fbcdn.net/v/t51.2885-19/s150x150/56739413_2256582251281002_6165679609313492992_n.jpg?_nc_ad=z-m&_nc_ht=z-p42-instagram.faqp1-1.fna.fbcdn.net&_nc_ohc=3q-0CTeMmoQAX8GfCou&_nc_tp=25&oh=6d069eaa3c2381d01afff23a40a0c63a&oe=5FDB81A8|eljavi0210|0|2443015039580134628|2443015039580134628
17860896050245229|1605461960|Ah no y va a decir otra cosa? Si es lo √∫nico que sabe decir|332215082|False|https://z-p42-instagram.faqp1-1.fna.fbcdn.net/v/t51.2885-19/s150x150/120552895_803564550454187_97725116729910907_n.jpg?_nc_ad=z-m&_nc_ht=z-p42-instagram.faqp1-1.fna.fbcdn.net&_nc_ohc=OSbP2r6XlbkAX-6wq16&_nc_tp=25&oh=dd34bac79f7b586947c7dc06a6d39cf5&oe=5FDD517E|iecastillo|0|2443015039580134628|2443015039580134628
17985560455311715|1605461808|No se de donde es que la econom√≠a Dominicana crece? Ser√° por el trampol√≠n del narcotr√°fico del Caribe.|2295961990|False|https://z-p42-instagram.faqp1-1.fna.fbcdn.net/v/t51.2885-19/s150x150/26154518_348273028983077_3163822263426351104_n.jpg?_nc_ad=z-m&_nc_ht=z-p42-instagram.faqp1-1.fna.fbcdn.net&_nc_ohc=o4otBv6vovYAX8aV3k4&_nc_tp=25&oh=a47b9785a1d8bce63d768041477e37a3&oe=5FDC5A86|pjd3la|0|2443015039580134628|2443015039580134628
17868823658108957|1605461713|üíìüá©üá¥|4070643539|False|https://z-p42-instagram.faqp1-1.fna.fbcdn.net/v/t51.2885-19/s150x150/106130680_1271401633257984_7861548489090989952_n.jpg?_nc_ad=z-m&_nc_ht=z-p42-instagram.faqp1-1.fna.fbcdn.net&_nc_ohc=56UoNi-qlHwAX_WjOOq&_nc_tp=25&oh=cd3aee833bfa9fcb261c227ec07d4406&oe=5FDB7F59|jenniferfigueroavaldez|0|2443015039580134628|2443015039580134628
17856551855291427|1605461562|Ah√≠ se ve que hay dinero para resolver y para ellos llenarse los bolsillos, tu crees que esos pl√°tanos a 40 es relajo metanle l√°piz y el pollo a 75 aqu√≠ lo k hay un Pa√≠s rico mal administrado|4811142158|False|https://z-p42-instagram.faqp1-1.fna.fbcdn.net/v/t51.2885-19/s150x150/29416133_157664558256295_6051210875379908608_n.jpg?_nc_ad=z-m&_nc_ht=z-p42-instagram.faqp1-1.fna.fbcdn.net&_nc_ohc=Bt7yBccso6cAX_rijLw&_nc_tp=25&oh=209302ae8fbef451c58b9beec4d5f1c9&oe=5FDBB04A|frias1821|0|2443015039580134628|2443015039580134628
17900782006614499|1605461362|Como el lo sabe ese mm√±|1187497351|False|https://z-p42-instagram.faqp1-1.fna.fbcdn.net/v/t51.2885-19/s150x150/69482274_905445463122497_6423138048027918336_n.jpg?_nc_ad=z-m&_nc_ht=z-p42-instagram.faqp1-1.fna.fbcdn.net&_nc_ohc=OQkSGG0ZsZMAX9LkJW6&_nc_tp=25&oh=45969db8031cd8d58f45b168ba70f69a&oe=5FDB762B|kelvynflow|0|2443015039580134628|2443015039580134628
17885041387806528|1605461328|üíìüá©üá¥|4070643539|False|https://z-p42-instagram.faqp1-1.fna.fbcdn.net/v/t51.2885-19/s150x150/106130680_1271401633257984_7861548489090989952_n.jpg?_nc_ad=z-m&_nc_ht=z-p42-instagram.faqp1-1.fna.fbcdn.net&_nc_ohc=56UoNi-qlHwAX_WjOOq&_nc_tp=25&oh=cd3aee833bfa9fcb261c227ec07d4406&oe=5FDB7F59|jenniferfigueroavaldez|0|2443015039580134628|2443015039580134628
17877284986916139|1605461299|Los bolsillo de √©l son lo que se van a recuperar.|2272934551|False|https://z-p42-instagram.faqp1-1.fna.fbcdn.net/v/t51.2885-19/s150x150/94478005_1289822034684285_5233208399369338880_n.jpg?_nc_ad=z-m&_nc_ht=z-p42-instagram.faqp1-1.fna.fbcdn.net&_nc_ohc=gF9SHmFSHFYAX_AWcyK&_nc_tp=25&oh=f0ad1ab959245b8e1e2164ef0ecb364c&oe=5FDA9B9D|eudysgutierrez09|0|2443015039580134628|2443015039580134628
18086642116210883|1605461162|Ah√≠ se ve que hay dinero para resolver y para ellos llenarse los bolsillos, tu crees que esos pl√°tanos a 40 es relajo metanle l√°piz y el pollo a 75 aqu√≠ lo k hay un Pa√≠s rico mal administrado|4811142158|False|https://z-p42-instagram.faqp1-1.fna.fbcdn.net/v/t51.2885-19/s150x150/29416133_157664558256295_6051210875379908608_n.jpg?_nc_ad=z-m&_nc_ht=z-p42-instagram.faqp1-1.fna.fbcdn.net&_nc_ohc=Bt7yBccso6cAX_rijLw&_nc_tp=25&oh=209302ae8fbef451c58b9beec4d5f1c9&oe=5FDBB04A|frias1821|0|2443015039580134628|2443015039580134628
17889144259762834|1605460496|üòÆüòÆüòÆCon los precios de la canasta basica a el precio que esta no lo dudo|1504476617|False|https://z-p42-instagram.faqp1-1.fna.fbcdn.net/v/t51.2885-19/s150x150/95214913_257148082089403_5999010813526933504_n.jpg?_nc_ad=z-m&_nc_ht=z-p42-instagram.faqp1-1.fna.fbcdn.net&_nc_ohc=Qvx9EigaZWoAX-KdU4h&_nc_tp=25&oh=65b3882fa54421208adccc703b50c351&oe=5FDA0013|njntheblackperla|0|2443015039580134628|2443015039580134628
17859447353302964|1605460162|El est√° hablando de su econom√≠a pues gana un mill√≥n de pesos al mes m√°s otros beneficios as√≠ quien no|8393968792|False|https://z-p42-instagram.faqp1-1.fna.fbcdn.net/v/t51.2885-19/s150x150/38626159_1009511175889787_3427890321801871360_n.jpg?_nc_ad=z-m&_nc_ht=z-p42-instagram.faqp1-1.fna.fbcdn.net&_nc_ohc=ZGgwPEU7KYYAX8OdrxE&_nc_tp=25&oh=7c21d3e988adbba2da3b9c381a8ba7b7&oe=5FDA16AF|hendrysanchezmendieta|0|2443015039580134628|2443015039580134628
17954620333375499|1605460006|En su casa siempre est√° bien la economia.|2767713733|False|https://z-p42-instagram.faqp1-1.fna.fbcdn.net/v/t51.2885-19/s150x150/118309292_727825007773715_4166387666387785970_n.jpg?_nc_ad=z-m&_nc_ht=z-p42-instagram.faqp1-1.fna.fbcdn.net&_nc_ohc=WVjk3yq0C1IAX8Ay5NI&_nc_tp=25&oh=7f2c813ed3a8c22d4bb4362de162f93d&oe=5FDC5685|mv866219|0|2443015039580134628|2443015039580134628
17876768635966967|1605459482|üëèüëèüôå|6881485416|False|https://z-p42-instagram.faqp1-1.fna.fbcdn.net/v/t51.2885-19/s150x150/120058510_612228796135026_6220590064755897177_n.jpg?_nc_ad=z-m&_nc_ht=z-p42-instagram.faqp1-1.fna.fbcdn.net&_nc_ohc=d-bixSsVuDEAX8DUY6a&_nc_tp=25&oh=d2507acf8e200efbbfe9fdf973edf435&oe=5FDCA9AC|kelvin_vasquez_|0|2443015039580134628|2443015039580134628
17909037280546513|1605459260|Hahahaahahahahahahahahahaha!!! Si yo te agarro con esta ü™ë....|31867973|False|https://z-p42-instagram.faqp1-1.fna.fbcdn.net/v/t51.2885-19/s150x150/12357335_1640421149553132_1168031631_a.jpg?_nc_ad=z-m&_nc_ht=z-p42-instagram.faqp1-1.fna.fbcdn.net&_nc_ohc=EBDSVo_ogSoAX8Xjcal&_nc_tp=25&oh=2e4a3abf811ffd61493984872124c15e&oe=5FDB1D83|cbritortiz|1|2443015039580134628|2443015039580134628
18036250741280539|1605458924|Este hombre es un cinico, siempre diciendo que la economia Dominican esta bien, claro para el con un sueldo de 2 millions de pesos|3740991464|False|https://z-p42-instagram.faqp1-1.fna.fbcdn.net/v/t51.2885-19/s150x150/83337311_186621592605279_2992639388292218880_n.jpg?_nc_ad=z-m&_nc_ht=z-p42-instagram.faqp1-1.fna.fbcdn.net&_nc_ohc=_-lX3kmRM-kAX93-cB-&_nc_tp=25&oh=c6d14e8861c1ca7ae233a94c4da28345&oe=5FDB2ACB|dr.norford|0|2443015039580134628|2443015039580134628
17901412102588883|1605458077|Esos tintes lo tienen disvariandoüòÇüòÇüòÇ.|2056911479|False|https://z-p42-instagram.faqp1-1.fna.fbcdn.net/v/t51.2885-19/11357921_811991608889594_1220722118_a.jpg?_nc_ad=z-m&_nc_ht=z-p42-instagram.faqp1-1.fna.fbcdn.net&_nc_ohc=Jfo8t_qi5DgAX86GsKM&oh=ffac10ae6bebf8d3ee265a2b72d0c367&oe=5FDA5CFF|anacorletto|0|2443015039580134628|2443015039580134628
18126888619088072|1605457714|Y m√°s r√°pido ser√≠a si meten preso y le quitan el dinero  del pueblo a esa balsa de pol√≠ticos vagabundo ladrones|5375596411|False|https://z-p42-instagram.faqp1-1.fna.fbcdn.net/v/t51.2885-19/s150x150/125505504_3547500535328600_8936237829592839534_n.jpg?_nc_ad=z-m&_nc_ht=z-p42-instagram.faqp1-1.fna.fbcdn.net&_nc_ohc=G15vv6x9aD0AX8Lf9_r&_nc_tp=25&oh=2867b3debf2e3bbee4e04e5a9a5faf75&oe=5FDC0CD4|alexspm_023|0|2443015039580134628|2443015039580134628
17862259997206432|1605457690|Claro se√±or Albizu, usted hace magia con los numerosüòò|1490030083|False|https://z-p42-instagram.faqp1-1.fna.fbcdn.net/v/t51.2885-19/10666021_345153088977800_473260300_a.jpg?_nc_ad=z-m&_nc_ht=z-p42-instagram.faqp1-1.fna.fbcdn.net&_nc_ohc=w218ppH_lnsAX9tuxBF&oh=e73e9de79a9d56b926413767eb22a09c&oe=5FDA52FA|dorishilario|0|2443015039580134628|2443015039580134628
17916788548497082|1605457571|üôèüôèüôèüôè Am√©n , creo en ello|6077931021|False|https://z-p42-instagram.faqp1-1.fna.fbcdn.net/v/t51.2885-19/s150x150/122003762_363522141435525_6558618670073807343_n.jpg?_nc_ad=z-m&_nc_ht=z-p42-instagram.faqp1-1.fna.fbcdn.net&_nc_ohc=wmm8MGjYiSIAX9oJNb9&_nc_tp=25&oh=dabcd18ca02cb6bf48b7a60adb337deb&oe=5FDAA3B5|brianzooffoke|0|2443015039580134628|2443015039580134628
17856366023325895|1605457250|ASI deve ser con Los producto de Primera nesecida por las nubes.|3141326449|False|https://z-p42-instagram.faqp1-1.fna.fbcdn.net/v/t51.2885-19/s150x150/12917795_1152398488125620_1518114242_a.jpg?_nc_ad=z-m&_nc_ht=z-p42-instagram.faqp1-1.fna.fbcdn.net&_nc_ohc=KExCbY9-3Z4AX_b0CRm&_nc_tp=25&oh=9e6256cdbc39a56e4bfe953b539987bf&oe=5FDBB2FF|wilmers_91|0|2443015039580134628|2443015039580134628
17912300635504016|1605457174|Sin los peledeistas en el gobierno es mas facil si @pldenlinea üêÄüêÄüêÄüêÄüêÄ|28824011109|False|https://scontent-waw1-1.cdninstagram.com/v/t51.2885-19/44884218_345707102882519_2446069589734326272_n.jpg?_nc_ht=scontent-waw1-1.cdninstagram.com&_nc_ohc=WnvBuUNWknMAX_nSumL&oh=541eed46046f30029d649eab11000bbd&oe=5FDD620F&ig_cache_key=YW5vbnltb3VzX3Byb2ZpbGVfcGlj.2|tumtunmacut|0|2443015039580134628|2443015039580134628
18159408637079515|1605457060|Para eso lo dejaron|1920480832|False|https://z-p42-instagram.faqp1-1.fna.fbcdn.net/v/t51.2885-19/s150x150/120499200_656911661904005_2835938463249586857_n.jpg?_nc_ad=z-m&_nc_ht=z-p42-instagram.faqp1-1.fna.fbcdn.net&_nc_ohc=TDo03llXRnQAX-jJTN9&_nc_tp=25&oh=8efe06b5b72a97157fd99c0fe72c7cd9&oe=5FDA36FD|atarrazo|0|2443015039580134628|2443015039580134628
17903207053588857|1605456640|Imag√≠nate arriesgando la Rep√∫blica Dominicana üá©üá¥ de la manera que lo est√°n haciendo. Llegando turista por pi pa mientras que a nosotros los Dominicanos nos tiene restringido y trancados ü§∑üèΩ‚Äç‚ôÄÔ∏è quien entiende las nuevas pol√≠ticas y medidas implementadas donde lo justo ser√≠a tomar las medidas adecuadas para cuidarnos a nosotros y cuidar a los dem√°s ü§î|6438668108|False|https://z-p42-instagram.faqp1-1.fna.fbcdn.net/v/t51.2885-19/s150x150/67478533_335695807335466_2524946831629090816_n.jpg?_nc_ad=z-m&_nc_ht=z-p42-instagram.faqp1-1.fna.fbcdn.net&_nc_ohc=dj1nS9PTkgMAX83vEhj&_nc_tp=25&oh=6e69eeead5c997e9edad75d81772d057&oe=5FDC54D0|marthaheiditaveras|3|2443015039580134628|2443015039580134628
17884266430863639|1605463106|@itscj10 lea las noticias pero no s√≥lo las de IG|332215082|False|https://z-p42-instagram.faqp1-1.fna.fbcdn.net/v/t51.2885-19/s150x150/120552895_803564550454187_97725116729910907_n.jpg?_nc_ad=z-m&_nc_ht=z-p42-instagram.faqp1-1.fna.fbcdn.net&_nc_ohc=OSbP2r6XlbkAX-6wq16&_nc_tp=25&oh=dd34bac79f7b586947c7dc06a6d39cf5&oe=5FDD517E|iecastillo|0|17903207053588857|2443015039580134628
17857090289282620|1605462608|@iecastillo en que parte de europa esta en cuarentena? usted esta confundiendo restricciones con cuarentena|1610096142|False|https://z-p42-instagram.faqp1-1.fna.fbcdn.net/v/t51.2885-19/s150x150/103413264_711813089585647_1805664047103044150_n.jpg?_nc_ad=z-m&_nc_ht=z-p42-instagram.faqp1-1.fna.fbcdn.net&_nc_ohc=a-XiAMA-suoAX-Yu8Hg&_nc_tp=25&oh=a8bc6793e33e48bb9a8122f6578b2fd9&oe=5FDDB4CF|itscj10|0|17903207053588857|2443015039580134628
17865195446169228|1605462020|@marthaheiditaveras As√≠ es! Mientras Europa entera est√° volviendo a la cuarentena en RD el pueblo disque en cuarentena pero los turistas de fiesta|332215082|False|https://z-p42-instagram.faqp1-1.fna.fbcdn.net/v/t51.2885-19/s150x150/120552895_803564550454187_97725116729910907_n.jpg?_nc_ad=z-m&_nc_ht=z-p42-instagram.faqp1-1.fna.fbcdn.net&_nc_ohc=OSbP2r6XlbkAX-6wq16&_nc_tp=25&oh=dd34bac79f7b586947c7dc06a6d39cf5&oe=5FDD517E|iecastillo|0|17903207053588857|2443015039580134628
17886026005787108|1605456033|El profeta albizuüôÑüôÑ|1727149433|False|https://z-p42-instagram.faqp1-1.fna.fbcdn.net/v/t51.2885-19/s150x150/123763956_1235918223456960_968711001599257799_n.jpg?_nc_ad=z-m&_nc_ht=z-p42-instagram.faqp1-1.fna.fbcdn.net&_nc_ohc=x3vUJYOn3QsAX9yxTeo&_nc_tp=25&oh=90a92df0045f7cf390aa57daa6acf81e&oe=5FDDB3F2|erasmor25|0|2443015039580134628|2443015039580134628
17982139327319456|1605456027|ü§¨|254189705|False|https://z-p42-instagram.faqp1-1.fna.fbcdn.net/v/t51.2885-19/s150x150/82011413_513289725965573_2038058343838253056_n.jpg?_nc_ad=z-m&_nc_ht=z-p42-instagram.faqp1-1.fna.fbcdn.net&_nc_ohc=arOMObLXCooAX-CiGWd&_nc_tp=25&oh=34037c7597fae50be876f82deaf0e9e8&oe=5FDB0BB8|csegarracocco|0|2443015039580134628|2443015039580134628
17849453270376686|1605455820|Aj√° y porque cogemos tantos pr√©stamos hasta para hacer una letrina comemos prestado ü§îü§∑üèΩ‚Äç‚ôÇÔ∏èüòÇ|24499128642|False|https://z-p42-instagram.faqp1-1.fna.fbcdn.net/v/t51.2885-19/s150x150/123951549_182183016886271_6078283520991618905_n.jpg?_nc_ad=z-m&_nc_ht=z-p42-instagram.faqp1-1.fna.fbcdn.net&_nc_ohc=-MOXKbqfjOIAX-IJWl4&_nc_tp=25&oh=cd5db922302fe200dff12ae10005c0b5&oe=5FDC479C|yasser.s.f_2.0|0|2443015039580134628|2443015039580134628
18158655718072606|1605455570|Esa es buena noticia.|8656175166|False|https://z-p42-instagram.faqp1-1.fna.fbcdn.net/v/t51.2885-19/s150x150/45304145_1555175341292565_9096993246940233728_n.jpg?_nc_ad=z-m&_nc_ht=z-p42-instagram.faqp1-1.fna.fbcdn.net&_nc_ohc=RjJaNt8tjq4AX98XLGK&_nc_tp=25&oh=a03a9854110c8d6eeb6702c22e829d09&oe=5FDA2705|manuelm1009|0|2443015039580134628|2443015039580134628
17856384575298686|1605455512|"Este ejemplo que pondr√© a continuaci√≥n se puede aplicar a cualquier producto que se compre en la econom√≠a nacional. Hablan de impuestos, que con lo que pagaremos se incrementa la econom√≠a. Que uno sin empleo y disque crecer√° la econom√≠a. Cada vez que usted compra un pote de romo usted aporta a qu√© la econom√≠a crezca, pongo ese ejemplo porque una inmensa mayor√≠a se queja de que nunca hay para comer pero si tienen para darse gustos porque ""pueden y se lo merecen"" ahora explico el por qu√©. Usted va al colmado, supermercado, drink, liquor store, etc. Ese dinerito menor que el salario m√≠nimo que usted se gan√≥ en el sector informal lavando carros, vendiendo yaniqueque, echando d√≠as, trabajando construcci√≥n y compra su pote de romo para ""botar el estr√©s"" lo entrega al due√±o del establecimiento lo cual saca una ganancia, de d√≥nde saca dinero para pagarle el m√≠nimo poco m√°s o poco menos a sus empleados, que reciben parte de ese dinero que t√∫ te gastaste en ese pote de romo, a su vez el due√±o del establecimiento no hace ese ""pote de romo"" de la nada, el tiene que comprarlo y se lo compra a quien? A las destiler√≠as o fabricas, ll√°mese Brugal y Co., Dupuy Barcelo, Vin√≠cola del Norte, etc. Que te hacen o importan el producto ellos los venden a los distribuidores y lo mismo sacan lo suyo, le pagan a sus empleados, le pagan los impuestos que nosotros de por s√≠ ya pagamos en el precio del establecimiento donde lo compramos. Entonces ese dinero que reciben los empleados de esas empresas a d√≥nde va? Regresa otra vez al due√±o del colmado, supermercado, liquor store, drink donde usted va a comprar el mismo pote de romo que compr√≥ la ocasi√≥n anterior."|32724417957|False|https://z-p42-instagram.faqp1-1.fna.fbcdn.net/v/t51.2885-19/s150x150/91481988_700456360758091_245514289283072000_n.jpg?_nc_ad=z-m&_nc_ht=z-p42-instagram.faqp1-1.fna.fbcdn.net&_nc_ohc=UTZl27EXcqEAX9B3E3c&_nc_tp=25&oh=b6b59664437e8aa1b1d8c0aebde29f4f&oe=5FDA1679|serviciosphoenix|0|2443015039580134628|2443015039580134628
18158329129073463|1605454967|MAMA GUEBOüñïüñï|15862411029|False|https://z-p42-instagram.faqp1-1.fna.fbcdn.net/v/t51.2885-19/s150x150/117314496_799515214204793_4879013716209650587_n.jpg?_nc_ad=z-m&_nc_ht=z-p42-instagram.faqp1-1.fna.fbcdn.net&_nc_ohc=yRAt6HrIfXcAX_CIcbT&_nc_tp=25&oh=f8dab61606233a402bd7d77be271827d&oe=5FDD1CE8|harolddiiaz29|0|2443015039580134628|2443015039580134628
17864766725124258|1605454882|üî•üî•üî•üî•|21493626638|False|https://scontent-waw1-1.cdninstagram.com/v/t51.2885-19/44884218_345707102882519_2446069589734326272_n.jpg?_nc_ht=scontent-waw1-1.cdninstagram.com&_nc_ohc=WnvBuUNWknMAX_nSumL&oh=541eed46046f30029d649eab11000bbd&oe=5FDD620F&ig_cache_key=YW5vbnltb3VzX3Byb2ZpbGVfcGlj.2|elpresidentelapicista|0|2443015039580134628|2443015039580134628
17894322715718928|1605454699|Si ese pana lo dice, yo le creo... muy duro|3628933259|False|https://z-p42-instagram.faqp1-1.fna.fbcdn.net/v/t51.2885-19/s150x150/120137435_3262744390491491_997980316287278298_n.jpg?_nc_ad=z-m&_nc_ht=z-p42-instagram.faqp1-1.fna.fbcdn.net&_nc_ohc=3V2x8nmPgz8AX-bUqv8&_nc_tp=25&oh=00f18a1919087273ea2721204562f74c&oe=5FDA617A|carlosguz___|0|2443015039580134628|2443015039580134628
17879507884927169|1605454493|No claro con eso impuestos en la nubes tienes que recuperarse r√°pido la econom√≠a üòÇüòÇüòÇüòÇüòÇüòÇüòÇüòÇüòÇ|1273963000|False|https://z-p42-instagram.faqp1-1.fna.fbcdn.net/v/t51.2885-19/s150x150/122166253_207748877448997_4086928499469443030_n.jpg?_nc_ad=z-m&_nc_ht=z-p42-instagram.faqp1-1.fna.fbcdn.net&_nc_ohc=OvVr4ux1OdYAX8dWOv0&_nc_tp=25&oh=b70b8932f20afc7b2b3e2a510426340c&oe=5FDD04A3|obixgeezy25rd|1|2443015039580134628|2443015039580134628
17891876566700738|1605454475|Una pela con una manguera, sinverg√ºenzas|3139572685|False|https://z-p42-instagram.faqp1-1.fna.fbcdn.net/v/t51.2885-19/s150x150/104817667_4281611538580975_725451734239367322_n.jpg?_nc_ad=z-m&_nc_ht=z-p42-instagram.faqp1-1.fna.fbcdn.net&_nc_ohc=qYiFM1EVYtsAX_Mf0Dt&_nc_tp=25&oh=bed4918f6270fb60af7af35a6840c1db&oe=5FDC264B|josedebrooblyn|0|2443015039580134628|2443015039580134628
17880266542890017|1605454443|ü§£ü§£ü§£ü§£ü§£ü§£,tiene mil a√±os diciendo lo mismo.y la √∫nica econom√≠a que esta buena es la de el,que tiene 20 a√±os en el mismo puesto, cobrando casi 2 millones de pesos.|3139572685|False|https://z-p42-instagram.faqp1-1.fna.fbcdn.net/v/t51.2885-19/s150x150/104817667_4281611538580975_725451734239367322_n.jpg?_nc_ad=z-m&_nc_ht=z-p42-instagram.faqp1-1.fna.fbcdn.net&_nc_ohc=qYiFM1EVYtsAX_Mf0Dt&_nc_tp=25&oh=bed4918f6270fb60af7af35a6840c1db&oe=5FDC264B|josedebrooblyn|0|2443015039580134628|2443015039580134628
17847539429452070|1605454235|üòÇüòÇüòÇüòÇ @luisabinader si les quitan el dinero que el @pldenlinea se rob√≥ si se√±or de lo contrario noooooo se√±or. ü§Æü§Æü§Æü§Æü§Æü§Æ|42297918014|False|https://z-p42-instagram.faqp1-1.fna.fbcdn.net/v/t51.2885-19/s150x150/119820899_200163678211361_6605049961422503998_n.jpg?_nc_ad=z-m&_nc_ht=z-p42-instagram.faqp1-1.fna.fbcdn.net&_nc_ohc=GSM3uf0fPYAAX_P7sf3&_nc_tp=25&oh=d1e05c06db67ac45d31d9715d66cf120&oe=5FDA48B2|jhonnfraanco|0|2443015039580134628|2443015039580134628
17849092574420434|1605454152|Claro con tidos los precio en las nubes asi cualkiers|4047683800|False|https://z-p42-instagram.faqp1-1.fna.fbcdn.net/v/t51.2885-19/s150x150/81646258_196687568135700_475819296212123648_n.jpg?_nc_ad=z-m&_nc_ht=z-p42-instagram.faqp1-1.fna.fbcdn.net&_nc_ohc=WHhY1gsIhtoAX-FFPx2&_nc_tp=25&oh=8c18a146c60f25e478498e22f295234e&oe=5FDACADB|la_mariposa_official|0|2443015039580134628|2443015039580134628
18173878444031735|1605454120|Diablo que cojone tiene ese pana üòÇüòÇüòÇüòÇüòÇ|632061275|False|https://z-p42-instagram.faqp1-1.fna.fbcdn.net/v/t51.2885-19/s150x150/122157374_787615718698885_1476467668404212409_n.jpg?_nc_ad=z-m&_nc_ht=z-p42-instagram.faqp1-1.fna.fbcdn.net&_nc_ohc=SlXOg-mXsH8AX8O8FHb&_nc_tp=25&oh=3c4880c8e66dd5819229602599d94bca&oe=5FDA94F1|anibal_bpc|0|2443015039580134628|2443015039580134628
17866925678126837|1605454003|Que as√≠ seaü§û|966238008|False|https://z-p42-instagram.faqp1-1.fna.fbcdn.net/v/t51.2885-19/11190889_625249130945648_539220004_a.jpg?_nc_ad=z-m&_nc_ht=z-p42-instagram.faqp1-1.fna.fbcdn.net&_nc_ohc=qfYtml8W50oAX80Mttb&oh=bf144f499506a389795267d19cb565ca&oe=5FDD94AF|jennysantanadls|1|2443015039580134628|2443015039580134628
17928617212447798|1605453946|Si con tantos pr√©stamos hasta ma√±ana si quisi√©ramos|3628557754|False|https://z-p42-instagram.faqp1-1.fna.fbcdn.net/v/t51.2885-19/s150x150/118516684_233782131292292_6112663486403076351_n.jpg?_nc_ad=z-m&_nc_ht=z-p42-instagram.faqp1-1.fna.fbcdn.net&_nc_ohc=vcX1it0tYaAAX-jKhgc&_nc_tp=25&oh=a9f6eb813db0af33d1d2bbeee545244e&oe=5FDCB733|rey_darlyn|0|2443015039580134628|2443015039580134628
18056881039262018|1605453923|Qu√© raro, yo sigo pasando hambre y sin hallar c√≥mo pagar la cl√≠nica donde me dializo.|7283772529|False|https://z-p42-instagram.faqp1-1.fna.fbcdn.net/v/t51.2885-19/s150x150/123699387_131671555040702_3420447303473128457_n.jpg?_nc_ad=z-m&_nc_ht=z-p42-instagram.faqp1-1.fna.fbcdn.net&_nc_ohc=zh_M3wmRkqkAX8FVM0P&_nc_tp=25&oh=ad66452918d67ddbeaebbdbbef832c4e&oe=5FDB4A3A|moelcs|0|2443015039580134628|2443015039580134628
17887340320813669|1605453667|Mok|2313373729|False|https://z-p42-instagram.faqp1-1.fna.fbcdn.net/v/t51.2885-19/s150x150/85107935_211342233325535_7931030241642807296_n.jpg?_nc_ad=z-m&_nc_ht=z-p42-instagram.faqp1-1.fna.fbcdn.net&_nc_ohc=sAogEd9_mKYAX-zXvke&_nc_tp=25&oh=05f6f385e8e6ea1b232a9aee5f6fb1bf&oe=5FDA0562|elementalmusictk.inc|0|2443015039580134628|2443015039580134628
18058718563254343|1605453650|Para eso es que gana esorbitante dinero,esa es su funci√≥n ,o,no.|5596761615|False|https://z-p42-instagram.faqp1-1.fna.fbcdn.net/v/t51.2885-19/s150x150/125221748_373873777173328_2605390667160892150_n.jpg?_nc_ad=z-m&_nc_ht=z-p42-instagram.faqp1-1.fna.fbcdn.net&_nc_ohc=4Sbn1KtytloAX_kHIvC&_nc_tp=25&oh=be3b81ef6ca16b5cd97f8a55154b1cf2&oe=5FDB2EFC|santiagues_rd|0|2443015039580134628|2443015039580134628
17948650495388536|1605453636|üòÇüòÇüòÇüòÇ y todo los d√≠a las empresas despidiendo m√°s jente !!!|9249138980|False|https://z-p42-instagram.faqp1-1.fna.fbcdn.net/v/t51.2885-19/s150x150/83068473_469455110409304_8523404638051893248_n.jpg?_nc_ad=z-m&_nc_ht=z-p42-instagram.faqp1-1.fna.fbcdn.net&_nc_ohc=lHGXFr_FA5gAX-Yk4_T&_nc_tp=25&oh=6f39bca21dd2f46ae672b1c895e11355&oe=5FDA22BB|gastby__|0|2443015039580134628|2443015039580134628
17859348077296812|1605453536|Claro la tuya mmg üêÄüí©üêÄüí©üêÄüêÄüí©üêÄüí©|50960947|False|https://z-p42-instagram.faqp1-1.fna.fbcdn.net/v/t51.2885-19/s150x150/123135337_904893236583510_7277772526386779006_n.jpg?_nc_ad=z-m&_nc_ht=z-p42-instagram.faqp1-1.fna.fbcdn.net&_nc_ohc=eMYnocIU6J4AX89dwqZ&_nc_tp=25&oh=d2abbd3e95fea0cc10a692adff125865&oe=5FDC7326|anthonycabrera|0|2443015039580134628|2443015039580134628
18173180725030268|1605453319|Excelente, el mejor gobernador que ha tenido el @bancocentralrd .üëèüëèüëèüí™|414820851|False|https://z-p42-instagram.faqp1-1.fna.fbcdn.net/v/t51.2885-19/s150x150/121441243_1264249240575009_5215247288679466467_n.jpg?_nc_ad=z-m&_nc_ht=z-p42-instagram.faqp1-1.fna.fbcdn.net&_nc_ohc=nhafREoUeaUAX_GTqfV&_nc_tp=25&oh=7e41158a64ddf1ec2412f07632a51738&oe=5FDD2C73|afranaha18|0|2443015039580134628|2443015039580134628
18171901600003437|1605453318|Claro mi amor, tu ganas 1 mill√≥n mensual.|7702346488|False|https://z-p42-instagram.faqp1-1.fna.fbcdn.net/v/t51.2885-19/s150x150/125802420_132338458314402_3091782699430524051_n.jpg?_nc_ad=z-m&_nc_ht=z-p42-instagram.faqp1-1.fna.fbcdn.net&_nc_ohc=8xSqNlAe3YYAX-Q7Mrt&_nc_tp=25&oh=73c9215fb964ad8b3c1ee311b33499f1&oe=5FDDAEA8|arnxrd|0|2443015039580134628|2443015039580134628
18116495761160508|1605453277|Si inyectan la AFP como en los demas paises si|8022027515|False|https://scontent-waw1-1.cdninstagram.com/v/t51.2885-19/44884218_345707102882519_2446069589734326272_n.jpg?_nc_ht=scontent-waw1-1.cdninstagram.com&_nc_ohc=WnvBuUNWknMAX_nSumL&oh=541eed46046f30029d649eab11000bbd&oe=5FDD620F&ig_cache_key=YW5vbnltb3VzX3Byb2ZpbGVfcGlj.2|kissbell19|1|2443015039580134628|2443015039580134628
17921732005468988|1605453244|El √∫nico que no entiende eso es el chopo que no trabaja y sabe hacer nada +|8707629795|False|https://scontent-waw1-1.cdninstagram.com/v/t51.2885-19/44884218_345707102882519_2446069589734326272_n.jpg?_nc_ht=scontent-waw1-1.cdninstagram.com&_nc_ohc=WnvBuUNWknMAX_nSumL&oh=541eed46046f30029d649eab11000bbd&oe=5FDD620F&ig_cache_key=YW5vbnltb3VzX3Byb2ZpbGVfcGlj.2|ralph_779|0|2443015039580134628|2443015039580134628
17896823425639108|1605453205|Entreguen los fondos de la AFP y creecera la gente tiene muchas deudas y quiere ese dinero para resolver|1215844204|False|https://z-p42-instagram.faqp1-1.fna.fbcdn.net/v/t51.2885-19/s150x150/101855262_568608093845352_2316657079735025664_n.jpg?_nc_ad=z-m&_nc_ht=z-p42-instagram.faqp1-1.fna.fbcdn.net&_nc_ohc=6sJPsBB5M9sAX8Sdvcn&_nc_tp=25&oh=1e834e83c87f4f209fc013633edf18b7&oe=5FDBBA6D|_sirbebo|0|2443015039580134628|2443015039580134628
17905382086574240|1605453200|Esa cuenta que tienes es la que de verdad crece mucho, chipa, fuego candela.|1302825069|False|https://z-p42-instagram.faqp1-1.fna.fbcdn.net/v/t51.2885-19/s150x150/14727474_732182293589791_5617747498668916736_a.jpg?_nc_ad=z-m&_nc_ht=z-p42-instagram.faqp1-1.fna.fbcdn.net&_nc_ohc=w-6L0cjWsL0AX94luZC&_nc_tp=25&oh=081e31f702e8928b5063d79bea6f73db&oe=5FDD293E|luis.cayetano.14|0|2443015039580134628|2443015039580134628
17886633247827048|1605453178|Que hombre m√°s ameno este!|3991881903|False|https://z-p42-instagram.faqp1-1.fna.fbcdn.net/v/t51.2885-19/s150x150/120515682_362381398143079_6741957812857493021_n.jpg?_nc_ad=z-m&_nc_ht=z-p42-instagram.faqp1-1.fna.fbcdn.net&_nc_ohc=OOGo_pJBWqoAX82N2zu&_nc_tp=25&oh=f83f4459a35b77220eec21ff31de6bab&oe=5FD9F2A2|frankfernandezmartinez|0|2443015039580134628|2443015039580134628
17899504177625771|1605453074|Claro si produce de todo gracia a Dios. üá©üá¥|36411228488|False|https://z-p42-instagram.faqp1-1.fna.fbcdn.net/v/t51.2885-19/s150x150/121725749_369874807547997_2504877013149501138_n.jpg?_nc_ad=z-m&_nc_ht=z-p42-instagram.faqp1-1.fna.fbcdn.net&_nc_ohc=caIybsOf8A0AX8Hgbdy&_nc_tp=25&oh=d6c4fbb4c685e1f31f636580a4e4660d&oe=5FDA78E1|dylan__ea|2|2443015039580134628|2443015039580134628
17896187764661289|1605452896|Ese salao nunca ha dicho nada verdad, as√≠ era con el PLD la econom√≠a cresiendo seg√∫n el salao ese.|34820538257|False|https://z-p42-instagram.faqp1-1.fna.fbcdn.net/v/t51.2885-19/s150x150/94850513_868189676978635_8570861380972838912_n.jpg?_nc_ad=z-m&_nc_ht=z-p42-instagram.faqp1-1.fna.fbcdn.net&_nc_ohc=bLy7B7peVCYAX8nf9XE&_nc_tp=25&oh=ec08669f6b49b47c7659402920ada5c2&oe=5FDD910C|panda_03_3|0|2443015039580134628|2443015039580134628
18049931350300879|1605452794|Para lo bolsillos de ellos.|32678157439|False|https://z-p42-instagram.faqp1-1.fna.fbcdn.net/v/t51.2885-19/s150x150/124291631_2866465913598235_6939271138110973091_n.jpg?_nc_ad=z-m&_nc_ht=z-p42-instagram.faqp1-1.fna.fbcdn.net&_nc_ohc=zw7h86lQIRMAX-ykAPu&_nc_tp=25&oh=0dc2d5f6a9a5ce91caa03df2d4018151&oe=5FDBF6D2|zedleagued|0|2443015039580134628|2443015039580134628
17919250090486988|1605452727|jablador|43326603388|False|https://z-p42-instagram.faqp1-1.fna.fbcdn.net/v/t51.2885-19/s150x150/124391281_992908044453966_802516483572160806_n.jpg?_nc_ad=z-m&_nc_ht=z-p42-instagram.faqp1-1.fna.fbcdn.net&_nc_ohc=8WfJl26dTEsAX_JoQpH&_nc_tp=25&oh=b2a1e39ae5b220e39a99f9b79ca0247a&oe=5FDCF0A0|ramonsantana3131|0|2443015039580134628|2443015039580134628
17893890613688735|1605452656|CLARO CUANDO COMIENCEN A QUITARLE A LOS POLITICOS LL QUE SE HAN ROBADO ,, Y ESO LO INVIERTAN EN ACERAS CONTENES , CALLES ,, NO COMO LO 11 MIL MILLONES QUE SE REPARTIERON Y DEJANRON LAS CALLES UNA MALDITA MIERDAAAAAA|13294369011|False|https://scontent-waw1-1.cdninstagram.com/v/t51.2885-19/44884218_345707102882519_2446069589734326272_n.jpg?_nc_ht=scontent-waw1-1.cdninstagram.com&_nc_ohc=WnvBuUNWknMAX_nSumL&oh=541eed46046f30029d649eab11000bbd&oe=5FDD620F&ig_cache_key=YW5vbnltb3VzX3Byb2ZpbGVfcGlj.2|nolasco6862|0|2443015039580134628|2443015039580134628
17895240373677641|1605452628|Yo no le creo nada a este antes dec√≠a que era la econom√≠a que m√°s crec√≠a y a uno llevandoselo quien lo trajo y mira ahora con lo que salta|1421953523|False|https://z-p42-instagram.faqp1-1.fna.fbcdn.net/v/t51.2885-19/10607987_720731524631380_529627317_a.jpg?_nc_ad=z-m&_nc_ht=z-p42-instagram.faqp1-1.fna.fbcdn.net&_nc_ohc=P91yUQsBsZ0AX8_wE9K&oh=013c812575d237d569a03d6d99da21d8&oe=5FDC797A|makoy010|0|2443015039580134628|2443015039580134628
17939002921411203|1605452542|Este hombre siempre de jablador, eso le gusta a los presidentes de este pa√≠s el que pena ala Rep√∫blica Dominicana a preguntales a los m√°s de 300 mil que hemos perdido nuestros trabajos eso|3417357430|False|https://z-p42-instagram.faqp1-1.fna.fbcdn.net/v/t51.2885-19/s150x150/101321759_537166426888558_1476567154584190976_n.jpg?_nc_ad=z-m&_nc_ht=z-p42-instagram.faqp1-1.fna.fbcdn.net&_nc_ohc=YhZXNbImw64AX8Aqdri&_nc_tp=25&oh=007c1d90ebc5a863f7e92cbc2afb8a4c&oe=5FDA7659|eduardominayarodrigu|0|2443015039580134628|2443015039580134628
17848277723429801|1605452528|Lo los bolsillos m√≠o mas pelado cada d√≠a pura realidad de mi pa√≠s üòéüá©üá¥üá©üá¥|10835284715|False|https://z-p42-instagram.faqp1-1.fna.fbcdn.net/v/t51.2885-19/s150x150/73012708_744378242691630_7828912532277428224_n.jpg?_nc_ad=z-m&_nc_ht=z-p42-instagram.faqp1-1.fna.fbcdn.net&_nc_ohc=mgynyS2w6xUAX-Jvm8J&_nc_tp=25&oh=ab81596a3609d1b2cf46ebec0af7499d&oe=5FDC0266|batista_turs|0|2443015039580134628|2443015039580134628
17864329514183469|1605452344|Eso es para decir que se pueden pedir m√°s pr√©stamos.|12264912355|False|https://z-p42-instagram.faqp1-1.fna.fbcdn.net/v/t51.2885-19/s150x150/57085388_1994139754029006_7867452661098872832_n.jpg?_nc_ad=z-m&_nc_ht=z-p42-instagram.faqp1-1.fna.fbcdn.net&_nc_ohc=B0KFcca_qCEAX-anfss&_nc_tp=25&oh=d3ff23625f32b2f6873d085aa0a28cdb&oe=5FDB81DB|aquilesfj1|0|2443015039580134628|2443015039580134628
17962050514361546|1605493403|@aquilesfj1 üòÇüòÇüòÇ|33422082068|False|https://z-p42-instagram.faqp1-1.fna.fbcdn.net/v/t51.2885-19/s150x150/93435775_2662185124060401_7857456820502134784_n.jpg?_nc_ad=z-m&_nc_ht=z-p42-instagram.faqp1-1.fna.fbcdn.net&_nc_ohc=QOluyA14d7YAX-tYgN5&_nc_tp=25&oh=76fefa48ca847f4ac0953750f0946414&oe=5FDA7978|equilibrio371|0|17864329514183469|2443015039580134628
17914606618506821|1605452163|ü§£ü§£ü§£|656024273|False|https://z-p42-instagram.faqp1-1.fna.fbcdn.net/v/t51.2885-19/s150x150/125260417_446854186305279_2640658344720548620_n.jpg?_nc_ad=z-m&_nc_ht=z-p42-instagram.faqp1-1.fna.fbcdn.net&_nc_ohc=Ku42CukwTucAX_AFq0b&_nc_tp=25&oh=7d606be1390aac970298b7ccd9218df9&oe=5FDA1CB2|eury.s.h|0|2443015039580134628|2443015039580134628
18172653979027000|1605452067|En la Duarte las tiendas est√°n llenas de gentes comprando, y eso que no han dado la regal√≠a. Entonces la econom√≠a est√° buena|3497270900|False|https://z-p42-instagram.faqp1-1.fna.fbcdn.net/v/t51.2885-19/s150x150/93204126_228853758186547_4261662139606892544_n.jpg?_nc_ad=z-m&_nc_ht=z-p42-instagram.faqp1-1.fna.fbcdn.net&_nc_ohc=Ei83NS8OgAMAX9UcEOx&_nc_tp=25&oh=a6d00a6fdc7748b6b6a36021674aa918&oe=5FDB25E6|masf1519|13|2443015039580134628|2443015039580134628
17860873613202016|1605496287|@masf1519 y la gente bebiendo y en restaurantes, no entiendo por qu√© se quejan tanto üôå|643516970|False|https://z-p42-instagram.faqp1-1.fna.fbcdn.net/v/t51.2885-19/s150x150/120603828_131660228297676_8887069236324480010_n.jpg?_nc_ad=z-m&_nc_ht=z-p42-instagram.faqp1-1.fna.fbcdn.net&_nc_ohc=18t5k_o7odEAX_1q1Y9&_nc_tp=25&oh=8099104914aafdca6cfa768807b25572&oe=5FDC8B1B|estherfeliz_|0|18172653979027000|2443015039580134628
17860044092248612|1605494154|@masf1519  Tambi√©n en √Ågora y Galer√≠as 360.|306466496|False|https://z-p42-instagram.faqp1-1.fna.fbcdn.net/v/t51.2885-19/s150x150/70523041_242308643339871_3356552628707262464_n.jpg?_nc_ad=z-m&_nc_ht=z-p42-instagram.faqp1-1.fna.fbcdn.net&_nc_ohc=PRmv02KwGt0AX8kdxLR&_nc_tp=25&oh=1dbec96482f93be9e2751ae957aa33ce&oe=5FDCDBFF|angelagrullon|1|18172653979027000|2443015039580134628
17906750101550951|1605452005|Y  los  sueldos  Pa ! Cuando ?|6610521605|False|https://z-p42-instagram.faqp1-1.fna.fbcdn.net/v/t51.2885-19/s150x150/122802628_644272746480028_5321799988398968556_n.jpg?_nc_ad=z-m&_nc_ht=z-p42-instagram.faqp1-1.fna.fbcdn.net&_nc_ohc=B3zpqkTX0SsAX_IBsby&_nc_tp=25&oh=cbf7bb1fb84b0440fde6cf67951e7a1f&oe=5FDC0EF5|miniercontreras|0|2443015039580134628|2443015039580134628
17849150522413273|1605451739|Optimismo...|2713508187|False|https://z-p42-instagram.faqp1-1.fna.fbcdn.net/v/t51.2885-19/s150x150/124893869_726559754907510_5171872247192717507_n.jpg?_nc_ad=z-m&_nc_ht=z-p42-instagram.faqp1-1.fna.fbcdn.net&_nc_ohc=0aT5YQxpjWcAX_i5uxn&_nc_tp=25&oh=e38a41f83d2d425f2563c4eb3b174fc4&oe=5FD9EEEE|raulinsantana08|0|2443015039580134628|2443015039580134628
17856490196288789|1605451681|El mejor! üëç|2535396286|False|https://z-p42-instagram.faqp1-1.fna.fbcdn.net/v/t51.2885-19/s150x150/118631198_404899770473039_3392972756145022377_n.jpg?_nc_ad=z-m&_nc_ht=z-p42-instagram.faqp1-1.fna.fbcdn.net&_nc_ohc=QG3z_JUJh7MAX_9_feg&_nc_tp=25&oh=3bd4c64095c6574a9b3d51c3cfe294bb&oe=5FDBFB8D|ingmedina1990|10|2443015039580134628|2443015039580134628
17895160195675028|1605451591|Y es que en este pa√≠s no hay personas con mas capacidad que este caballero? @somospueblord  osea este pana es vitalicio?|145941448|False|https://z-p42-instagram.faqp1-1.fna.fbcdn.net/v/t51.2885-19/s150x150/66024610_2273617829567638_7835318579078627328_n.jpg?_nc_ad=z-m&_nc_ht=z-p42-instagram.faqp1-1.fna.fbcdn.net&_nc_ohc=TbLvT6N74PwAX9nwDh6&_nc_tp=25&oh=1f3e7e371f0eb1704c1b6be56374a730&oe=5FDD57C0|sepichardo|0|2443015039580134628|2443015039580134628
18058116802252718|1605451496|Dios lo oiga üôèüèª|363422044|False|https://z-p42-instagram.faqp1-1.fna.fbcdn.net/v/t51.2885-19/s150x150/87606769_871006083370594_2982335671554801664_n.jpg?_nc_ad=z-m&_nc_ht=z-p42-instagram.faqp1-1.fna.fbcdn.net&_nc_ohc=6oQWhhNkMfsAX8eFrnP&_nc_tp=25&oh=0a9292a7ca9c1f40fd70a54734244816&oe=5FDD6DBE|alexandrademora|1|2443015039580134628|2443015039580134628
17865422324157037|1605451493|No se confundan el se refiere a su econom√≠a personal de el, a todos los dem√°s se los est√° llevando el de abajo.|1080035748|False|https://z-p42-instagram.faqp1-1.fna.fbcdn.net/v/t51.2885-19/s150x150/62055270_2217137371733497_7472628102967853056_n.jpg?_nc_ad=z-m&_nc_ht=z-p42-instagram.faqp1-1.fna.fbcdn.net&_nc_ohc=iRrYPhe_sAAAX9DsfbX&_nc_tp=25&oh=05254d8c95c06e392a7ddfba19053a9d&oe=5FDD3AB3|ramalio01|2|2443015039580134628|2443015039580134628
17903190649593530|1605451358|Que se baje el sueldo|4769947919|False|https://z-p42-instagram.faqp1-1.fna.fbcdn.net/v/t51.2885-19/s150x150/123144554_834733087275806_7099674242704363514_n.jpg?_nc_ad=z-m&_nc_ht=z-p42-instagram.faqp1-1.fna.fbcdn.net&_nc_ohc=rGdK2EQUoyYAX8ETKYp&_nc_tp=25&oh=ce68fe42b57769fc2c7ae95086f535b4&oe=5FDBAF8F|yunc402|1|2443015039580134628|2443015039580134628
17859753161220465|1605451252|üëèüëèüëèüëèüëèüëèüëèüëè|2331433551|False|https://z-p42-instagram.faqp1-1.fna.fbcdn.net/v/t51.2885-19/s150x150/12357444_1708888292679426_651543651_a.jpg?_nc_ad=z-m&_nc_ht=z-p42-instagram.faqp1-1.fna.fbcdn.net&_nc_ohc=XYLlqZBEANQAX8t7PD1&_nc_tp=25&oh=aedaaf3d62ca2c74d24c765c55621201&oe=5FDA1B5E|marlyn_hiciano|1|2443015039580134628|2443015039580134628
18089813866205742|1605451205|De boca ?ü§∑‚Äç‚ôÇÔ∏èüíÜ‚Äç‚ôÇÔ∏è|1435106954|False|https://z-p42-instagram.faqp1-1.fna.fbcdn.net/v/t51.2885-19/s150x150/120391279_127200812156333_3022493619309175190_n.jpg?_nc_ad=z-m&_nc_ht=z-p42-instagram.faqp1-1.fna.fbcdn.net&_nc_ohc=62GQRBoBPQMAX-IdA-R&_nc_tp=25&oh=b25341e02635f3aaef4c3e98b9def2e8&oe=5FDA4FF4|meran5estrellas|0|2443015039580134628|2443015039580134628
17954406910374905|1605451160|Claro robandosno nuestro dinero junto a los mafiosos de las AFP... HIJO DE PUTA.|7616354032|False|https://z-p42-instagram.faqp1-1.fna.fbcdn.net/v/t51.2885-19/s150x150/123850089_392001905490872_1852393955449474490_n.jpg?_nc_ad=z-m&_nc_ht=z-p42-instagram.faqp1-1.fna.fbcdn.net&_nc_ohc=lU7BgGMIZIQAX_jDJXh&_nc_tp=25&oh=c4fcf3d2c47104c4269379cfdabefd10&oe=5FDBFF1B|pfmenta|0|2443015039580134628|2443015039580134628
17851667018371343|1605451012|Claro que si y mas con el mejor presidente luis abinader|6607730263|False|https://z-p42-instagram.faqp1-1.fna.fbcdn.net/v/t51.2885-19/s150x150/123958687_445200473118507_7286638081207180318_n.jpg?_nc_ad=z-m&_nc_ht=z-p42-instagram.faqp1-1.fna.fbcdn.net&_nc_ohc=QvbMJKhX060AX9gBto5&_nc_tp=25&oh=d04824145c7c67645cf6fb9606fac858&oe=5FDA57E3|ramilortega31|0|2443015039580134628|2443015039580134628
17862138197199374|1605450911|Son 37 inyectando dinero üèÉ‚Äç‚ôÇÔ∏èüèÉ‚Äç‚ôÇÔ∏èüèÉ‚Äç‚ôÇÔ∏è|28422234028|False|https://z-p42-instagram.faqp1-1.fna.fbcdn.net/v/t51.2885-19/s150x150/88386337_631424087655713_7440818333928128512_n.jpg?_nc_ad=z-m&_nc_ht=z-p42-instagram.faqp1-1.fna.fbcdn.net&_nc_ohc=xp2n-DcEYt0AX_txlgb&_nc_tp=25&oh=93f201507531cc43f8b1800d4ca9af1d&oe=5FDC38A7|nissangtr60|0|2443015039580134628|2443015039580134628
17904962335575482|1605450752|Dios bendiga las esperanzas de √©l üôå|4481517916|False|https://z-p42-instagram.faqp1-1.fna.fbcdn.net/v/t51.2885-19/s150x150/124034346_361713751602367_7303914887009257605_n.jpg?_nc_ad=z-m&_nc_ht=z-p42-instagram.faqp1-1.fna.fbcdn.net&_nc_ohc=UHI7Upq9d-UAX9yaj0i&_nc_tp=25&oh=05845356322b2e2e3b4b4f1e94d35ff6&oe=5FDDA3F5|arabeliguzman|5|2443015039580134628|2443015039580134628
17862750788162535|1605450604|Va de ahi|417522472|False|https://z-p42-instagram.faqp1-1.fna.fbcdn.net/v/t51.2885-19/s150x150/125102730_409772226696057_6532546756674036296_n.jpg?_nc_ad=z-m&_nc_ht=z-p42-instagram.faqp1-1.fna.fbcdn.net&_nc_ohc=qs8JJb6CQQwAX9A0_FY&_nc_tp=25&oh=e30185c3576ce9db707b5e81f5caffeb&oe=5FDA62B0|johanmanu6l|0|2443015039580134628|2443015039580134628
17858848619309058|1605450573|Si, claro, con todo los impuestos que ustedes van a imponer, no digo yo ü§£|5567163098|False|https://z-p42-instagram.faqp1-1.fna.fbcdn.net/v/t51.2885-19/s150x150/117752505_649806875946894_475835860016693715_n.jpg?_nc_ad=z-m&_nc_ht=z-p42-instagram.faqp1-1.fna.fbcdn.net&_nc_ohc=tXr6xUYvf5YAX_Yj9Z2&_nc_tp=25&oh=c59812e49f36c5028b592568567f319f&oe=5FDD0496|steels03|20|2443015039580134628|2443015039580134628
17845524491463659|1605477231|@kendalflow12 al menos se gana dinero.. aqu√≠ no.|3067244261||https://z-p42-instagram.faqp1-1.fna.fbcdn.net/v/t51.2885-19/s150x150/121115477_359851251880065_8202697253013659874_n.jpg?_nc_ad=z-m&_nc_ht=z-p42-instagram.faqp1-1.fna.fbcdn.net&_nc_ohc=cRSt5xLfBHgAX8IBOFI&_nc_tp=25&oh=2ca405cdeef923a6a8a5a8c3d7f3ce84&oe=5FDD5F39|_____alejandrot097|0|17858848619309058|2443015039580134628
17869716809094784|1605452824|@kendalflow12 Y aqu√≠ lo cormado no pagan impuesto? √ìsea cada cormado es evasor de impuesto? ü§£|32678157439||https://z-p42-instagram.faqp1-1.fna.fbcdn.net/v/t51.2885-19/s150x150/124291631_2866465913598235_6939271138110973091_n.jpg?_nc_ad=z-m&_nc_ht=z-p42-instagram.faqp1-1.fna.fbcdn.net&_nc_ohc=zw7h86lQIRMAX-ykAPu&_nc_tp=25&oh=0dc2d5f6a9a5ce91caa03df2d4018151&oe=5FDBF6D2|zedleagued|4|17858848619309058|2443015039580134628
17909202154549216|1605452378|@kendalflow12  los cormado pagan impuestos|347864458||https://z-p42-instagram.faqp1-1.fna.fbcdn.net/v/t51.2885-19/s150x150/118359705_140229687752733_4939229660784223861_n.jpg?_nc_ad=z-m&_nc_ht=z-p42-instagram.faqp1-1.fna.fbcdn.net&_nc_ohc=bWHpRRFu75gAX_jbWNz&_nc_tp=25&oh=f5471d2b57314a0fdd37d93a967e80ff&oe=5FDA1E91|angelignaciorodriguez|1|17858848619309058|2443015039580134628
17896064569660622|1605451205|@steels03 y aqu√≠ no se paga casi nada de impuestos, fija en Estados Unidos hasta un cormado paga impuestos, ojo no estoy diciendo que lo pongan pero es la verdad|3290948223||https://z-p42-instagram.faqp1-1.fna.fbcdn.net/v/t51.2885-19/s150x150/125438205_652017652131341_8273088756817082866_n.jpg?_nc_ad=z-m&_nc_ht=z-p42-instagram.faqp1-1.fna.fbcdn.net&_nc_ohc=WInfv9Lt4YAAX9Pa9WY&_nc_tp=25&oh=a0de4c7e241e437a44c5c41cd3df28c7&oe=5FDCF5EC|kendalflow12|8|17858848619309058|2443015039580134628
17864401766142173|1605450570|Si claro, lo dices para que te dejen en el puesto . pero si estuvieras fuera otro gallo cantar√≠a.  viejo rid√≠culo|26478228784|False|https://z-p42-instagram.faqp1-1.fna.fbcdn.net/v/t51.2885-19/s150x150/75454080_1764304737035824_2660301338688094208_n.jpg?_nc_ad=z-m&_nc_ht=z-p42-instagram.faqp1-1.fna.fbcdn.net&_nc_ohc=GRA_k1FbAhIAX_00eIG&_nc_tp=25&oh=dc9301a3ca4c6e8c80e24e54e4e56f07&oe=5FDA01B7|amigosdelbebe|0|2443015039580134628|2443015039580134628
17866197188146340|1605450484|Empez√≥ el jabladorazazazo|2232883680|False|https://z-p42-instagram.faqp1-1.fna.fbcdn.net/v/t51.2885-19/s150x150/124877546_1514964752047253_3517247078466196924_n.jpg?_nc_ad=z-m&_nc_ht=z-p42-instagram.faqp1-1.fna.fbcdn.net&_nc_ohc=7Q8BLYTCUnUAX8WQ83s&_nc_tp=25&oh=f262cd7ba3e224dd7d3f5226e0cc8cb3&oe=5FDAD92F|eldominicanoparte2|6|2443015039580134628|2443015039580134628
18174392995004643|1605450449|üéàüëèüôåüéäüçæ|43072624918|False|https://z-p42-instagram.faqp1-1.fna.fbcdn.net/v/t51.2885-19/s150x150/120256267_277508873247812_383674058988040848_n.jpg?_nc_ad=z-m&_nc_ht=z-p42-instagram.faqp1-1.fna.fbcdn.net&_nc_ohc=_uUtxlrj0P4AX-uSylj&_nc_tp=25&oh=df4988dd370384cf02b55663b3f2a346&oe=5FDB7657|ana_elpidia_franco|1|2443015039580134628|2443015039580134628
17909062105547487|1605450419|Y la deuda externa cresiendo m√°s|3877303082|False|https://z-p42-instagram.faqp1-1.fna.fbcdn.net/v/t51.2885-19/s150x150/55886218_1947043868738196_6265490551873732608_n.jpg?_nc_ad=z-m&_nc_ht=z-p42-instagram.faqp1-1.fna.fbcdn.net&_nc_ohc=KXNGnqD0iZwAX_nKkWB&_nc_tp=25&oh=18454fac09cd7b81bf76c604b05d5b2b&oe=5FDBC514|ene.jay.official|3|2443015039580134628|2443015039580134628
17974059028327497|1605456784|@ene.jay.official hasta que no salgamos de eso, este pa√≠s no avanzar√°|8212542470|False|https://z-p42-instagram.faqp1-1.fna.fbcdn.net/v/t51.2885-19/s150x150/122811631_785046042228488_5447205178295831883_n.jpg?_nc_ad=z-m&_nc_ht=z-p42-instagram.faqp1-1.fna.fbcdn.net&_nc_ohc=vejvyn7G4B4AX9Knu8k&_nc_tp=25&oh=1194c47172f9a1978fc57d41746c0cef&oe=5FDCAC2F|elias_e_pratt|0|17909062105547487|2443015039580134628
17883877087865056|1605452839|@ene.jay.official exacto|32678157439|False|https://z-p42-instagram.faqp1-1.fna.fbcdn.net/v/t51.2885-19/s150x150/124291631_2866465913598235_6939271138110973091_n.jpg?_nc_ad=z-m&_nc_ht=z-p42-instagram.faqp1-1.fna.fbcdn.net&_nc_ohc=zw7h86lQIRMAX-ykAPu&_nc_tp=25&oh=0dc2d5f6a9a5ce91caa03df2d4018151&oe=5FDBF6D2|zedleagued|0|17909062105547487|2443015039580134628
18173213038061705|1605450270|Cuando este se√±or habla seme prende la sangra siempre dice k sube la economia k ya tamo bien y la realida es el diblo yebandose a uno sin trabajo ni si kiera üòÇüòÇüòÇ|39849328600|False|https://z-p42-instagram.faqp1-1.fna.fbcdn.net/v/t51.2885-19/s150x150/116327512_291397752275833_2620714935557301928_n.jpg?_nc_ad=z-m&_nc_ht=z-p42-instagram.faqp1-1.fna.fbcdn.net&_nc_ohc=jND7BPP04GkAX8AVk4i&_nc_tp=25&oh=4295ba3558fd96e35da970614d7a65e1&oe=5FDC903E|davidrafael528|10|2443015039580134628|2443015039580134628
17873166614001568|1605492740|"@experiment_travellers por tu casa dir√°n ""cormado"" Yo no se tu, pero en todos los lados que yo he ido, hasta en el Km 8 le dicen Colmado, y adem√°s una cosa es hablarlo que escribirlo, es muy diferente"|8212542470||https://z-p42-instagram.faqp1-1.fna.fbcdn.net/v/t51.2885-19/s150x150/122811631_785046042228488_5447205178295831883_n.jpg?_nc_ad=z-m&_nc_ht=z-p42-instagram.faqp1-1.fna.fbcdn.net&_nc_ohc=vejvyn7G4B4AX9Knu8k&_nc_tp=25&oh=1194c47172f9a1978fc57d41746c0cef&oe=5FDCAC2F|elias_e_pratt|0|18173213038061705|2443015039580134628
17928575746447438|1605468063|@elias_e_pratt ( CORMADO ) eso es nuevo ? ü§¶‚Äç‚ôÇÔ∏è *COLMADO* es lo correcto.|579680524||https://z-p42-instagram.faqp1-1.fna.fbcdn.net/v/t51.2885-19/s150x150/50603814_2259482054339264_8433148382817550336_n.jpg?_nc_ad=z-m&_nc_ht=z-p42-instagram.faqp1-1.fna.fbcdn.net&_nc_ohc=rU3YIip6ssoAX9U92HH&_nc_tp=25&oh=53e1b13b44ec18ca40175ca9f6b6191a&oe=5FDAEFBE|experiment_travellers|1|18173213038061705|2443015039580134628
18173127565054534|1605459930|@davidrafael528 que oficios sabes hacer ?|6093442722||https://z-p42-instagram.faqp1-1.fna.fbcdn.net/v/t51.2885-19/s150x150/22427382_1946897488858388_2733762704132014080_n.jpg?_nc_ad=z-m&_nc_ht=z-p42-instagram.faqp1-1.fna.fbcdn.net&_nc_ohc=wkiWJka-sUgAX9X7LSe&_nc_tp=25&oh=e064ee9efecae244906ed3a688f95a07&oe=5FDA329A|arturogurabo|1|18173213038061705|2443015039580134628
17894002489715274|1605458973|@demos_tenes üòÇüòÇ|3036820336||https://z-p42-instagram.faqp1-1.fna.fbcdn.net/v/t51.2885-19/s150x150/88882165_795988507563666_4227935861670412288_n.jpg?_nc_ad=z-m&_nc_ht=z-p42-instagram.faqp1-1.fna.fbcdn.net&_nc_ohc=UmZStxjUoJQAX8tYauN&_nc_tp=25&oh=906b361f534a40d351992eee453c16e6&oe=5FDBBC31|ingridnsm.28|0|18173213038061705|2443015039580134628
17879283382897424|1605456682|@davidrafael528 co√±o hermano, haz algo con esa ortograf√≠aüòÇü§£ü§£|8212542470||https://z-p42-instagram.faqp1-1.fna.fbcdn.net/v/t51.2885-19/s150x150/122811631_785046042228488_5447205178295831883_n.jpg?_nc_ad=z-m&_nc_ht=z-p42-instagram.faqp1-1.fna.fbcdn.net&_nc_ohc=vejvyn7G4B4AX9Knu8k&_nc_tp=25&oh=1194c47172f9a1978fc57d41746c0cef&oe=5FDCAC2F|elias_e_pratt|1|18173213038061705|2443015039580134628
17906696353543973|1605456649|@demos_tenes concuerdo|8212542470||https://z-p42-instagram.faqp1-1.fna.fbcdn.net/v/t51.2885-19/s150x150/122811631_785046042228488_5447205178295831883_n.jpg?_nc_ad=z-m&_nc_ht=z-p42-instagram.faqp1-1.fna.fbcdn.net&_nc_ohc=vejvyn7G4B4AX9Knu8k&_nc_tp=25&oh=1194c47172f9a1978fc57d41746c0cef&oe=5FDCAC2F|elias_e_pratt|1|18173213038061705|2443015039580134628
17856423284293830|1605455364|@davidrafael528 imaginate con todas esas faltas de ortograf√≠a quien diablo te contrata.|38230218769||https://instagram.falg3-2.fna.fbcdn.net/v/t51.2885-19/44884218_345707102882519_2446069589734326272_n.jpg?_nc_ad=z-m&_nc_ht=instagram.falg3-2.fna.fbcdn.net&_nc_ohc=WnvBuUNWknMAX9x_sKd&oh=9f41c868a3776a409f30b6266b090904&oe=5FDD620F&ig_cache_key=YW5vbnltb3VzX3Byb2ZpbGVfcGlj.2|demos_tenes|10|18173213038061705|2443015039580134628
17875616707990323|1605475660|Invest your Bitcoin to @nina_fx_expert_trader|4398122430|False|https://z-p42-instagram.faqp1-1.fna.fbcdn.net/v/t51.2885-19/s150x150/123131801_926619981207659_6704487157031071073_n.jpg?_nc_ad=z-m&_nc_ht=z-p42-instagram.faqp1-1.fna.fbcdn.net&_nc_ohc=6EHhKct3BfgAX_fdqt6&_nc_tp=25&oh=47461c2f878e8b5e970e004edf368fe8&oe=5FDBB22D|hdjdjdj_wksb|0|2443038540289020694|2443038540289020694
17925421267458209|1605484034|@weslley_junio_ üòÇüòÇüòÇüòÇüòÇ|1166933655|False|https://z-p42-instagram.faqp1-1.fna.fbcdn.net/v/t51.2885-19/s150x150/123785686_403993730779302_3673446857195197449_n.jpg?_nc_ad=z-m&_nc_ht=z-p42-instagram.faqp1-1.fna.fbcdn.net&_nc_ohc=u1_0e544ktQAX-jpgQe&_nc_tp=25&oh=089b1002cba9d0ec51bbd2e9296c8e66&oe=5FDC5FCD|santiagogonzalezoficial|1|2443111873684771131|2443111873684771131
17973649693333125|1605484641|@weslley_junio_ amem üôèüôèüôèüôèüî• e voc√™ tbmm|1166933655||https://z-p42-instagram.faqp1-1.fna.fbcdn.net/v/t51.2885-19/s150x150/123785686_403993730779302_3673446857195197449_n.jpg?_nc_ad=z-m&_nc_ht=z-p42-instagram.faqp1-1.fna.fbcdn.net&_nc_ohc=u1_0e544ktQAX-jpgQe&_nc_tp=25&oh=089b1002cba9d0ec51bbd2e9296c8e66&oe=5FDC5FCD|santiagogonzalezoficial|1|17925421267458209|2443111873684771131
17882219956895107|1605484301|@santiagogonzalezoficial daqui uns anos vc vai kkkkkkk|1441535330||https://z-p42-instagram.faqp1-1.fna.fbcdn.net/v/t51.2885-19/s150x150/89468970_205483270666807_9082285122845147136_n.jpg?_nc_ad=z-m&_nc_ht=z-p42-instagram.faqp1-1.fna.fbcdn.net&_nc_ohc=CVdo5GkMZDwAX_9rUp2&_nc_tp=25&oh=faa0af890d656e99a81c5b59829e991b&oe=5FDBC0C2|weslley_junio_|1|17925421267458209|2443111873684771131
18108652558168046|1605484263|@weslley_junio_ se fosse eu j√° estaria aposentado em uma ilha üèù kakakakaakak|1166933655||https://z-p42-instagram.faqp1-1.fna.fbcdn.net/v/t51.2885-19/s150x150/123785686_403993730779302_3673446857195197449_n.jpg?_nc_ad=z-m&_nc_ht=z-p42-instagram.faqp1-1.fna.fbcdn.net&_nc_ohc=u1_0e544ktQAX-jpgQe&_nc_tp=25&oh=089b1002cba9d0ec51bbd2e9296c8e66&oe=5FDC5FCD|santiagogonzalezoficial|1|17925421267458209|2443111873684771131
17861372606245005|1605484247|@santiagogonzalezoficial em homenagem aos manos|1441535330||https://z-p42-instagram.faqp1-1.fna.fbcdn.net/v/t51.2885-19/s150x150/89468970_205483270666807_9082285122845147136_n.jpg?_nc_ad=z-m&_nc_ht=z-p42-instagram.faqp1-1.fna.fbcdn.net&_nc_ohc=CVdo5GkMZDwAX_9rUp2&_nc_tp=25&oh=faa0af890d656e99a81c5b59829e991b&oe=5FDBC0C2|weslley_junio_|0|17925421267458209|2443111873684771131
17985066985311907|1605484216|@santiagogonzalezoficial aposto que isso e obra sua|1441535330||https://z-p42-instagram.faqp1-1.fna.fbcdn.net/v/t51.2885-19/s150x150/89468970_205483270666807_9082285122845147136_n.jpg?_nc_ad=z-m&_nc_ht=z-p42-instagram.faqp1-1.fna.fbcdn.net&_nc_ohc=CVdo5GkMZDwAX_9rUp2&_nc_tp=25&oh=faa0af890d656e99a81c5b59829e991b&oe=5FDBC0C2|weslley_junio_|1|17925421267458209|2443111873684771131
17994601564305610|1605470828|@chronicgoiania @chronic420oficial nota ta ficando famosa kkk|1565173339|False|https://z-p42-instagram.faqp1-1.fna.fbcdn.net/v/t51.2885-19/s150x150/42989399_1100607603435938_5143765301703213056_n.jpg?_nc_ad=z-m&_nc_ht=z-p42-instagram.faqp1-1.fna.fbcdn.net&_nc_ohc=daUeTL0Yb54AX_RDiPw&_nc_tp=25&oh=f99a7d5960cac23e05157bf48d7a153a&oe=5FDC502D|felipe.a.souza|1|2443111873684771131|2443111873684771131
17875105846998387|1605469990|@daianachrist @__emanuelalopes @srta.guedes üòéüòé|11796189110|False|https://z-p42-instagram.faqp1-1.fna.fbcdn.net/v/t51.2885-19/s150x150/106051300_302208064289954_7088014749029836193_n.jpg?_nc_ad=z-m&_nc_ht=z-p42-instagram.faqp1-1.fna.fbcdn.net&_nc_ohc=73F1HkXT9OUAX-5rKBf&_nc_tp=25&oh=153ca2b6865fbe915bf58e098fae43f0&oe=5FDA0E5A|diegolopesmd|2|2443111873684771131|2443111873684771131
17905431055559813|1605469956|Ou ver se acho o modelo para imprir|2683625528|False|https://z-p42-instagram.faqp1-1.fna.fbcdn.net/v/t51.2885-19/s150x150/12568327_574564462690589_149011562_a.jpg?_nc_ad=z-m&_nc_ht=z-p42-instagram.faqp1-1.fna.fbcdn.net&_nc_ohc=-rWl6jVIQoIAX-Rsm_M&_nc_tp=25&oh=455dd48ef671c1c58b7aae9b48705973&oe=5FDCD91C|marcelobrumalmeida|0|2443111873684771131|2443111873684771131
18126414751130772|1605468271|Seria melhor usar um Coala|7755013796|False|https://z-p42-instagram.faqp1-1.fna.fbcdn.net/v/t51.2885-19/s150x150/58409307_1038119639731235_3999604207530278912_n.jpg?_nc_ad=z-m&_nc_ht=z-p42-instagram.faqp1-1.fna.fbcdn.net&_nc_ohc=gJv5lXUoegkAX8FhAl6&_nc_tp=25&oh=a21ebae716f8081bef7be6140e68cccc&oe=5FDC6654|pauloricardo.itajai|0|2443111873684771131|2443111873684771131
17857471400274560|1605467571|Parece GREENgo esse dinheiro ai ushaushaus|262936076|False|https://z-p42-instagram.faqp1-1.fna.fbcdn.net/v/t51.2885-19/s150x150/107060076_1793396774141386_1443597310460559410_n.jpg?_nc_ad=z-m&_nc_ht=z-p42-instagram.faqp1-1.fna.fbcdn.net&_nc_ohc=LyzNkEAuP8EAX-rSS6p&_nc_tp=25&oh=b46943bb244c3c73cd29b04a2c9e84ca&oe=5FDD774D|matmiranda03|0|2443111873684771131|2443111873684771131
18157873876076118|1605467008|ia ser a nota mais usada em toda Bras√≠lia üòÇüòÇ|12825708193|False|https://z-p42-instagram.faqp1-1.fna.fbcdn.net/v/t51.2885-19/s150x150/72548599_2551049935115911_1952766929064165376_n.jpg?_nc_ad=z-m&_nc_ht=z-p42-instagram.faqp1-1.fna.fbcdn.net&_nc_ohc=gGtmFkW50tUAX9QBfkT&_nc_tp=25&oh=6c0378e02d72d69b53d66b1f2883b43a&oe=5FDC872C|alanzero61|1|2443111873684771131|2443111873684771131
18044083033274975|1605466576|Que folhinha √© essa √† direita?? Kkkk|3107359044|False|https://z-p42-instagram.faqp1-1.fna.fbcdn.net/v/t51.2885-19/s150x150/109020578_2128405883972644_207835338708861843_n.jpg?_nc_ad=z-m&_nc_ht=z-p42-instagram.faqp1-1.fna.fbcdn.net&_nc_ohc=nIZgUNNWOTEAX9RPKgW&_nc_tp=25&oh=cf875e7241e729b18102576700920276&oe=5FDC9DE8|jc.camargofilho|0|2443111873684771131|2443111873684771131
17849146301413319|1605464666|Nota do @bruno_perini|14900553679|False|https://scontent-hel3-1.cdninstagram.com/v/t51.2885-19/44884218_345707102882519_2446069589734326272_n.jpg?_nc_ht=scontent-hel3-1.cdninstagram.com&_nc_ohc=WnvBuUNWknMAX_Cz9wY&oh=e6cb48f35a5bbccec9300b5801afb7e5&oe=5FDD620F&ig_cache_key=YW5vbnltb3VzX3Byb2ZpbGVfcGlj.2|magalhaescarrijo|0|2443111873684771131|2443111873684771131
17864818622126586|1605464517|Merecia o pr√™mio Nobel da paz e um Oscar junto com a previd√™ncia do banco central, mais a presid√™ncia das gal√°xias kkkk|5464768251|False|https://z-p42-instagram.faqp1-1.fna.fbcdn.net/v/t51.2885-19/s150x150/65080181_1493715727437658_6204615240198389760_n.jpg?_nc_ad=z-m&_nc_ht=z-p42-instagram.faqp1-1.fna.fbcdn.net&_nc_ohc=QBl3F4zfUS0AX_WBx4V&_nc_tp=25&oh=6110589a879109cb67ff6a8502e6cc25&oe=5FDB0F85|angelopinto1112|0|2443111873684771131|2443111873684771131
18079649269229615|1605464090|O que significa esse 4:20|32500326194|False|https://z-p42-instagram.faqp1-1.fna.fbcdn.net/v/t51.2885-19/s150x150/123001022_214853586650581_2884324191879796690_n.jpg?_nc_ad=z-m&_nc_ht=z-p42-instagram.faqp1-1.fna.fbcdn.net&_nc_ohc=Qk_MFTEmaV0AX_GhWU9&_nc_tp=25&oh=4914b2230338e1c3dd03bf0422f67121&oe=5FDD59B4|cavalheiroandante|0|2443111873684771131|2443111873684771131
17848269545387803|1605500317|@cavalheiroandante basicamente era um hor√°rio que uns estudantes costumavam se encontrar pra fumar maconha, a√≠ foi popularizando quando a hist√≥ria chegou na internet|2320671676|False|https://z-p42-instagram.faqp1-1.fna.fbcdn.net/v/t51.2885-19/s150x150/51801079_397097540837841_3417053337630015488_n.jpg?_nc_ad=z-m&_nc_ht=z-p42-instagram.faqp1-1.fna.fbcdn.net&_nc_ohc=Lkm3PnSMGzsAX_MAKZ4&_nc_tp=25&oh=b16c9efe5369edf0575a32c9191c50ce&oe=5FDC6A28|jviitor_m|1|18079649269229615|2443111873684771131
17893609816709140|1605465967|@rodolfoofarias mas tem algum significado esse hor√°rio ou n√∫mero? Achei que era algo da B√≠blia|32500326194|False|https://z-p42-instagram.faqp1-1.fna.fbcdn.net/v/t51.2885-19/s150x150/123001022_214853586650581_2884324191879796690_n.jpg?_nc_ad=z-m&_nc_ht=z-p42-instagram.faqp1-1.fna.fbcdn.net&_nc_ohc=Qk_MFTEmaV0AX_GhWU9&_nc_tp=25&oh=4914b2230338e1c3dd03bf0422f67121&oe=5FDD59B4|cavalheiroandante|0|18079649269229615|2443111873684771131
18112215007198995|1605465078|@cavalheiroandante horario batizado pelos maconheiros|2936869390|False|https://z-p42-instagram.faqp1-1.fna.fbcdn.net/v/t51.2885-19/s150x150/117425063_202750354519257_4621567804752740963_n.jpg?_nc_ad=z-m&_nc_ht=z-p42-instagram.faqp1-1.fna.fbcdn.net&_nc_ohc=W-MLXYoOqtwAX8EdYTp&_nc_tp=25&oh=edec557b23e6c6d033a5f3e255e18682&oe=5FDCAB7A|rodolfoofarias|0|18079649269229615|2443111873684771131
17845772642453926|1605462417|O banco central escolheu pelo n√≠vel incompet√™ncia|1153179625|False|https://z-p42-instagram.faqp1-1.fna.fbcdn.net/v/t51.2885-19/s150x150/125204320_844962349700468_7159244241754558292_n.jpg?_nc_ad=z-m&_nc_ht=z-p42-instagram.faqp1-1.fna.fbcdn.net&_nc_ohc=snZaKfiwka8AX8ZabQT&_nc_tp=25&oh=ae7fdcda633763f02b6c27365a244c8b&oe=5FDD3845|evertonnext|0|2443111873684771131|2443111873684771131
18135410158127771|1605462033|Isso √© coisa de maconheiro kkkkkkk pode apostar 4:20|1410058075|False|https://z-p42-instagram.faqp1-1.fna.fbcdn.net/v/t51.2885-19/s150x150/123927836_146213547189954_2416821710674640421_n.jpg?_nc_ad=z-m&_nc_ht=z-p42-instagram.faqp1-1.fna.fbcdn.net&_nc_ohc=uj6TaR2_UDIAX8z404o&_nc_tp=25&oh=523c66cacaa870c8bb80ad7ec5941dc2&oe=5FDB4FD9|reinan_lincoln|13|2443111873684771131|2443111873684771131
17855891087304115|1605480294|@maria_duda_na_lua certeza que √© , eu j√° vir esse poste em uma p√°gina de maconha üëÄ|1410058075|False|https://z-p42-instagram.faqp1-1.fna.fbcdn.net/v/t51.2885-19/s150x150/123927836_146213547189954_2416821710674640421_n.jpg?_nc_ad=z-m&_nc_ht=z-p42-instagram.faqp1-1.fna.fbcdn.net&_nc_ohc=uj6TaR2_UDIAX8z404o&_nc_tp=25&oh=523c66cacaa870c8bb80ad7ec5941dc2&oe=5FDB4FD9|reinan_lincoln|1|18135410158127771|2443111873684771131
17875294532003589|1605480183|@reinan_lincoln e tem um bambu ali que parece uma maconha kkkkkk|12131801645|False|https://z-p42-instagram.faqp1-1.fna.fbcdn.net/v/t51.2885-19/s150x150/120303186_353405202671441_6258400249233719635_n.jpg?_nc_ad=z-m&_nc_ht=z-p42-instagram.faqp1-1.fna.fbcdn.net&_nc_ohc=7FQQc3Srvk8AX8Bld5j&_nc_tp=25&oh=ebdeeb26305c034ccf89e6ef0195a088&oe=5FDB662B|maria_duda_na_lua|0|18135410158127771|2443111873684771131
17879538487923178|1605462179|@reinan_lincoln kkkkkkkk ‚Äúlegalize money‚Äù üòÇ|6448050331|False|https://z-p42-instagram.faqp1-1.fna.fbcdn.net/v/t51.2885-19/s150x150/120966011_972071383273148_6552458840918120487_n.jpg?_nc_ad=z-m&_nc_ht=z-p42-instagram.faqp1-1.fna.fbcdn.net&_nc_ohc=lBa7GbtuA5IAX-az1j_&_nc_tp=25&oh=a297274e342c0402c59352e0c72e1d4e&oe=5FDBB358|investidorsa|2|18135410158127771|2443111873684771131
17865701045112594|1605461740|rapaz üòÇüòÇ pior que ficou bonita!!!|1357756142|False|https://z-p42-instagram.faqp1-1.fna.fbcdn.net/v/t51.2885-19/s150x150/97872931_273478430469566_1961350781982474240_n.jpg?_nc_ad=z-m&_nc_ht=z-p42-instagram.faqp1-1.fna.fbcdn.net&_nc_ohc=KU1NVBrdiK4AX9wQHvt&_nc_tp=25&oh=ff3714b27e657e440150581163b306d6&oe=5FDB7010|heniogabriell|5|2443111873684771131|2443111873684771131
17861853065225395|1605461802|@heniogabriell ficou mesmo. Quem fez isso √© um g√™nio.|6448050331|False|https://z-p42-instagram.faqp1-1.fna.fbcdn.net/v/t51.2885-19/s150x150/120966011_972071383273148_6552458840918120487_n.jpg?_nc_ad=z-m&_nc_ht=z-p42-instagram.faqp1-1.fna.fbcdn.net&_nc_ohc=lBa7GbtuA5IAX-az1j_&_nc_tp=25&oh=a297274e342c0402c59352e0c72e1d4e&oe=5FDBB358|investidorsa|3|17865701045112594|2443111873684771131
18122897260146903|1605461721|#investir #dinheiro #finan√ßas #investimentosinteligentes #rendavariavel #bolsadevalores #ibov #educa√ß√£ofinanceira #economia #rendapassiva #vidafinanceira #investidores #rendavari√°vel #investimentoseguro #investimentointeligente #investimento #gera√ß√£odevalor #planejamentofinanceiro #motivacaododia #bancocentral #dinheironobolso #investir #mentemilionaria #vidadetrader #mercadofinanceiro #fiis #pensenisso #fundosimobili√°rios #ibovespa #CPFnaBolsa|6448050331|False|https://z-p42-instagram.faqp1-1.fna.fbcdn.net/v/t51.2885-19/s150x150/120966011_972071383273148_6552458840918120487_n.jpg?_nc_ad=z-m&_nc_ht=z-p42-instagram.faqp1-1.fna.fbcdn.net&_nc_ohc=lBa7GbtuA5IAX-az1j_&_nc_tp=25&oh=a297274e342c0402c59352e0c72e1d4e&oe=5FDBB358|investidorsa|0|2443111873684771131|2443111873684771131
17979927934321622|1605466888|Se quiser saber mais, acesse o link na bio! üôÉ|177690654|False|https://z-p42-instagram.faqp1-1.fna.fbcdn.net/v/t51.2885-19/s150x150/106266349_265941811505457_6145185588790457336_n.jpg?_nc_ad=z-m&_nc_ht=z-p42-instagram.faqp1-1.fna.fbcdn.net&_nc_ohc=8Rws-qdNmkEAX94B0kY&_nc_tp=25&oh=298718ab722d6f4dfe9991468a5e5e64&oe=5FDC24F4|edukador.bitcoin|0|2443141543152151890|2443141543152151890
