post_id|date|user_id|user_name|text|post_url|post_type|hashtags|mentions|replies|likes|url_picture|location_id|location_name|is_video|video_duration|video_url|video_view
2443173757630986320|2020-11-15 14:37:09|32930010682|dataclave|"AN√ÅLISIS
.
El Palacio de Hacienda prev√© lograr un acuerdo con el FMI a mediados de diciembre y lograr la aprobaci√≥n del directorio a principios del 2021. 
.
En el medio hay distintos an√°lisis del gabinete econ√≥mico, como eliminar el impuesto al d√≥lar ahorro y turista y ""apurar"" est√≠mulos impositivos para la construcci√≥n. 
.
Tambi√©n afirman que reina la paz entre Pesce y Guzm√°n, aunque Cristina Kirchner ya tuvo reuniones con Mart√≠n Redrado y ser√≠a su candidato al Banco Central. Detalles.
.
Por @Lilianafranco20
.
#FMI #D√≥lar #BancoCentral #Redrado."|https://www.instagram.com/p/CHn5ZaMJrhQ/|GraphImage|['fmi', 'd√≥lar', 'bancocentral', 'redrado']|[]|0|2|https://z-p42-instagram.faqp1-1.fna.fbcdn.net/v/t51.2885-15/e35/125135519_164844831954588_4247663276824384674_n.jpg?_nc_ad=z-m&_nc_ht=z-p42-instagram.faqp1-1.fna.fbcdn.net&_nc_cat=100&_nc_ohc=v5dLAhH0skQAX94olIT&tp=18&oh=215c9992655eaa288cc3f33ea4d17793&oe=5FDB10BF|||False|||
2443171866937667897|2020-11-15 14:33:24|1091882006|tynmagazine|"Uno de los l√≠deres de Banco Central de Inglaterra, Jon Cunliffe, insisti√≥ en que los bancos deben adaptarse a los cambios que traen los activos digitales. Blockchain junto con los activos digitales brindan a las personas la oportunidad de almacenar sus activos, probablemente amenazando las soluciones que ofrecen los bancos.

Asegurarse de que los bancos sigan siendo relevantes no est√° en la lista de tareas pendientes del banco central de Inglaterra. Banco de Inglaterra (BoE). Cunliffe dijo,: ‚ÄúNuestro trabajo no es proteger los modelos de negocios bancarios‚Äù, dijo Cunliffe, seg√∫n report√≥ un informe de Reuters el viernes. ‚ÄúLos bancos tendr√°n que adaptarse‚Äù, agreg√≥. ‚ÄúNuestro trabajo es asegurar que si los modelos de negocios bancarios cambian, manejemos las consecuencias financieras y macroecon√≥micas de eso‚Äù.
LINK IN BIO
-
-
-
-
-
#crypto #cryptomonedas #criptomonedas #criptomoneda #cripto #criptoeconomia #cryptocurrency #cryptocoin #cryptoeconomy #moneda #monedadigital #digital #digitalizacion #bitcoin #ethereum #inglaterra #unitedkingdom #england #reindounido #bce #bancocentraleuropeo #bancocentral"|https://www.instagram.com/p/CHn495WDDE5/|GraphImage|['crypto', 'cryptomonedas', 'criptomonedas', 'criptomoneda', 'cripto', 'criptoeconomia', 'cryptocurrency', 'cryptocoin', 'cryptoeconomy', 'moneda', 'monedadigital', 'digital', 'digitalizacion', 'bitcoin', 'ethereum', 'inglaterra', 'unitedkingdom', 'england', 'reindounido', 'bce', 'bancocentraleuropeo', 'bancocentral']|[]|0|9|https://z-p42-instagram.faqp1-1.fna.fbcdn.net/v/t51.2885-15/e35/125486227_153075306518611_475344160721840663_n.jpg?_nc_ad=z-m&_nc_ht=z-p42-instagram.faqp1-1.fna.fbcdn.net&_nc_cat=107&_nc_ohc=gzCRgw62GwwAX-xTjdc&tp=18&oh=9fc57450a3efac67ec8a9fd4933dad94&oe=5FDA6199|||False|||
2443141543152151890|2020-11-15 13:33:09|177690654|edukador.bitcoin|#bitcoin #bancocentral #sistemadereservasfracionarias #fractionalreservebanking #crypto #cripto #criptomoedas #infla√ß√£o #defla√ß√£o #educa√ß√£o #escolaaustriaca #keynesianismo #livrogratis #freebook|https://www.instagram.com/p/CHnyEoHlW1S/|GraphImage|['bitcoin', 'bancocentral', 'sistemadereservasfracionarias', 'fractionalreservebanking', 'crypto', 'cripto', 'criptomoedas', 'infla√ß√£o', 'defla√ß√£o', 'educa√ß√£o', 'escolaaustriaca', 'keynesianismo', 'livrogratis', 'freebook']|[]|1|5|https://z-p42-instagram.faqp1-1.fna.fbcdn.net/v/t51.2885-15/e35/125196037_1036453200100161_8262548332650643417_n.jpg?_nc_ad=z-m&_nc_ht=z-p42-instagram.faqp1-1.fna.fbcdn.net&_nc_cat=109&_nc_ohc=d_llks3Bi9QAX8TXFtX&tp=18&oh=42e761126933bebf5cde78e016f7fe7a&oe=5FDDA188|||False|||
2443111873684771131|2020-11-15 12:34:12|6448050331|investidorsa|Quem fez isso, merecia ir direto para a prova espec√≠fica do Bacen ü§£|https://www.instagram.com/p/CHnrU4RhRE7/|GraphImage|[]|[]|27|1089|https://z-p42-instagram.faqp1-1.fna.fbcdn.net/v/t51.2885-15/e35/p1080x1080/125346627_1012502512559090_8973251793607354931_n.jpg?_nc_ad=z-m&_nc_ht=z-p42-instagram.faqp1-1.fna.fbcdn.net&_nc_cat=102&_nc_ohc=PMtwloWB2AoAX8FT7NH&tp=19&oh=494764b0c0ad5390da056fbc7c72e1b7&oe=5FDABC64|213088733|Bras√≠lia, Brazil|False|||
2443109978094265254|2020-11-15 12:30:26|3969004504|keniamota4589|"Fa√ßa seu empr√©stimo
Aprova√ß√£o imediata
#empreendedorismo 
#empreatimoconsignado 
#bancocentral #santader"|https://www.instagram.com/p/CHnq5S3hWOm/|GraphImage|['empreendedorismo', 'empreatimoconsignado', 'bancocentral', 'santader']|[]|0|1|https://z-p42-instagram.faqp1-1.fna.fbcdn.net/v/t51.2885-15/e35/125141316_358503165432640_8732529923958969720_n.jpg?_nc_ad=z-m&_nc_ht=z-p42-instagram.faqp1-1.fna.fbcdn.net&_nc_cat=104&_nc_ohc=8Kmr-mBu-r0AX9mM-4F&tp=18&oh=7cd3781d06d0c96b2badddd5bdb9b761&oe=5FDA1614|||False|||
2443059940727162018|2020-11-15 10:51:01|22137118200|direitosimplesassimadv|"""Coluna da Sol"" - Solange Ribeiro (@sol.ribeiro.58) traz informa√ß√µes sobre o Banco Central, que √© a institui√ß√£o respons√°vel por garantir a estabilidade econ√¥mica do pa√≠s, por meio da manuten√ß√£o do poder de compra da moeda e da regula√ß√£o do sistema financeiro. 

Ele √© uma autarquia aut√¥noma, exercendo as suas fun√ß√µes sem subordina√ß√£o a outro √≥rg√£o do poder p√∫blico. 

Se voc√™ gostou, deixe o seu ‚ù§. üòâ

#bancocentral #bacen #versos #informa√ß√£o"|https://www.instagram.com/p/CHnfhJ8B4Si/|GraphSidecar|['bancocentral', 'bacen', 'versos', 'informa√ß√£o']|[]|0|9|https://z-p42-instagram.faqp1-1.fna.fbcdn.net/v/t51.2885-15/e35/125129699_362069641549157_2587977269466672836_n.jpg?_nc_ad=z-m&_nc_ht=z-p42-instagram.faqp1-1.fna.fbcdn.net&_nc_cat=105&_nc_ohc=GvH1pj4bhjUAX9oKg2w&tp=18&oh=ad7bb7685088e0fafe27f188820b1b3c&oe=5FDD4D25|||False|||
2443054741033090160|2020-11-15 10:40:41|1586640828|dipeizini|"üéØO que  √©  Taxa Selic?
A Taxa Selic (Sistema Especial de Liquida√ß√£o e Cust√≥dia) √© um √≠ndice econ√¥mico, tamb√©m conhecida como taxa b√°sica de juros do Brasil.
Ela √© a taxa m√©dia ajustada dos financiamentos di√°rios apurados no sistema para t√≠tulos federais e baliza diversas outras taxas de juros cobradas pelas institui√ß√µes financeiras. 

üìéDefinido pelo Copom (Comit√™  de Pol√≠tica Monet√°ria do Banco Central), o valor da Selic indica quanto o governo paga de juros para as institui√ß√µes financeiras  que compram t√≠tulos p√∫blicos do Tesouro Nacional.

Tamb√©m serve como base para os juros cobrados em empr√©stimos, financiamentos e outros produtos banc√°rios.

üìçA Selic tem diversos objetivos na economia nacional. Entre os principais: regular a infla√ß√£o e garantir o controle da emiss√£o, da compra e da venda de t√≠tulos p√∫blicos.

Para receber  dicas di√°rias sobre finan√ßas siga @dipeizini

#taxaselic #selic #copom #taxadejuros #mentoria #dinheironobolso #gestaofinanceira #planejamento #finan√ßas #planejamentofinanceiro #mentora #edileiapeizini #bancocentral #administra√ß√£ofinanceira #administra√ß√£o"|https://www.instagram.com/p/CHneVfWHHxw/|GraphImage|['taxaselic', 'selic', 'copom', 'taxadejuros', 'mentoria', 'dinheironobolso', 'gestaofinanceira', 'planejamento', 'finan√ßas', 'planejamentofinanceiro', 'mentora', 'edileiapeizini', 'bancocentral', 'administra√ß√£ofinanceira', 'administra√ß√£o']|['dipeizini']|0|9|https://z-p42-instagram.faqp1-1.fna.fbcdn.net/v/t51.2885-15/e35/125265250_125376042466381_9159012409758598435_n.jpg?_nc_ad=z-m&_nc_ht=z-p42-instagram.faqp1-1.fna.fbcdn.net&_nc_cat=101&_nc_ohc=2EDtt5OaFikAX8Y_U-a&tp=18&oh=714d0596cee3d0605b17a2e60b816666&oe=5FDD6519|164980734343992|PEDRA AZUL  - tudo de bom|False|||
2443049851155374058|2020-11-15 10:30:58|4902011251|contabilidadeimpuestos|"‚≠ê‚≠ê‚≠ê‚≠ê‚≠ê
.
.
.

.
.
.
.
#2020 #constituciondeempresas #contabilidadeimpuestos #contabilidadaldia#impuestosenorden #rd #santodomingo #republicadominicana #navidad #bancocentral #administradores #condominios #salonesdebelleza #talleres #tasadores #dealers #estamosparaservirte #estamoscambiando #contactanos #somostusolucion #santodomingo#santodomingoeste #organizatuempresa #organizate"|https://www.instagram.com/p/CHndOVSr9_q/|GraphImage|['2020', 'constituciondeempresas', 'contabilidadeimpuestos', 'contabilidadaldia', 'impuestosenorden', 'rd', 'santodomingo', 'republicadominicana', 'navidad', 'bancocentral', 'administradores', 'condominios', 'salonesdebelleza', 'talleres', 'tasadores', 'dealers', 'estamosparaservirte', 'estamoscambiando', 'contactanos', 'somostusolucion', 'santodomingo', 'santodomingoeste', 'organizatuempresa', 'organizate']|[]|0|3|https://z-p42-instagram.faqp1-1.fna.fbcdn.net/v/t51.2885-15/e35/125346998_300524604366132_544747985351091805_n.jpg?_nc_ad=z-m&_nc_ht=z-p42-instagram.faqp1-1.fna.fbcdn.net&_nc_cat=100&_nc_ohc=-qTVQQlv_xcAX-Acnn8&tp=18&oh=5b11cda400f6b0160e7a4c62195da1e8&oe=5FDD341E|330507798|Distrito Nacional|False|||
2443039936372623018|2020-11-15 10:11:16|6168144327|jacksonpaivaoficial|"A partir de amanh√£, dia 16, come√ßa a operar oficialmente no Pa√≠s o novo meio de pagamento, o Pix. 
.
O que √©?
.
O Pix √© um meio de pagamento instant√¢neo criado pelo Banco Central. Com ele, √© poss√≠vel transferir recursos entre contas em pouco segundos, a qualquer hora ou dia. Ele pode ser feito a partir de conta corrente, poupan√ßa ou conta de pagamento pr√©-paga. 
.
Com o Pix, n√£o √© necess√°rio saber onde a outra pessoa tem conta ou anotar informa√ß√µes como ag√™ncia, conta e dados pessoais. A transfer√™ncia √© feita a partir de uma chave Pix, com o uso da lista de contatos do celular ou de QR Code.
.
A chave Pix, nada mais √© que a sua identifica√ß√£o, o endere√ßo da sua conta no Pix. Os quatro tipos de chave s√£o: CPF ou CNPJ, e-mail, n√∫mero de celular ou chave aleat√≥ria. A chave Pix relaciona uma dessas quatro informa√ß√µes aos dados da conta do cliente.
.
O cadastro √© muito simples, v√° a um dos canais ou plataformas de acesso da institui√ß√£o financeira em que voc√™ possui conta, procure o bot√£o do Pix e fa√ßa o seu registro.
.
Ele dispensa o uso de cart√µes, cheques ou maquininhas, pois pode ser feito a partir do smartphone ou do internet banking.
.
Ele √© gratuito para pessoa f√≠sica e microempreendedores individuais, entretanto, quem adotar o novo meio de pagamento para fins comerciais, ser√° tarifado ao receber a transa√ß√£o. 
.
O seu custo √© mais baixo do que o de outros meios de pagamentos e transfer√™ncias para pessoa jur√≠dica.
.
O Banco Central respons√°vel por centralizar o sistema do Pix, afirma que a modalidade √© segura. Entretanto, √© preciso ficar atento a golpes. Nunca clique em links desconhecidos recebidos por e-mail, mensagem de texto no celular ou whatsapp. Criminosos usam links para roubar dados pessoais e aplicar fraudes.
.
Para finalizar, n√£o √© obrigat√≥rio ter uma chave Pix, entretanto, com tantas vantagens, voc√™ n√£o vai querer pagar TED e DOC.‚Å£
.
.
.
.
‚Å£#pix‚Å£
#bancocentral‚Å£
#pixbancocentraldobrasil‚Å£
#zerotarifas‚Å£
#pagamentoinstant√¢neo"|https://www.instagram.com/p/CHna-DblUaq/|GraphImage|['pix', 'bancocentral', 'pixbancocentraldobrasil', 'zerotarifas', 'pagamentoinstant√¢neo']|[]|0|3|https://z-p42-instagram.faqp1-1.fna.fbcdn.net/v/t51.2885-15/fr/e15/s1080x1080/125069103_129939308592408_5381390887573959154_n.jpg?_nc_ad=z-m&_nc_ht=z-p42-instagram.faqp1-1.fna.fbcdn.net&_nc_cat=100&_nc_ohc=EuUhwnBGFcUAX_hgkEg&_nc_tp=25&oh=7bf94234a3930ea75be5c683b7053bd2&oe=5FDB7DC1|||False|||
2443038540289020694|2020-11-15 10:08:30|31300109960|estadaoinvestidor|"üì≤ O PIX vai chegar no dia 16 de novembro e muita gente ainda tem v√°rias d√∫vidas sobre este novo servi√ßo do Banco Central: quanto vai custar? √â seguro mesmo? Vou ser obrigado a utilizar?
‚†Ä
üòå Sem p√¢nico! Para tirar todas as suas d√∫vidas, preparamos um infogr√°fico exclusivo, detalhado e gratuito sobre o PIX. Entenda passo a passo como ele vai funcionar e fique afiado para n√£o cair em roubada.
‚†Ä
Link para baixar na bio.
‚†Ä
#PIX #bancocentral #einvestidor #infografico"|https://www.instagram.com/p/CHnapvOhBMW/|GraphImage|['pix', 'bancocentral', 'einvestidor', 'infografico']|[]|1|50|https://z-p42-instagram.faqp1-1.fna.fbcdn.net/v/t51.2885-15/e35/125237570_103808564844442_2444154365786578736_n.jpg?_nc_ad=z-m&_nc_ht=z-p42-instagram.faqp1-1.fna.fbcdn.net&_nc_cat=110&_nc_ohc=w6uCOEPV2MEAX9LBhBX&tp=18&oh=2f7719b7b52616ffc31f578413bc47e3&oe=5FDB4968|||False|||
2443015039580134628|2020-11-15 09:21:48|1122235516|diariolibre|"El gobernador del Banco Central de la Rep√∫blica Dominicana (@bancocentralrd), H√©ctor Valdez Albizu, asegur√≥ que el pa√≠s ser√° el que m√°s r√°pido se recupere de la crisis originada por la pandemia del COVID-19 por ‚Äúsus fuertes fundamentos y su probada capacidad de resiliencia‚Äù.

Valdez Albizu habl√≥ durante una disertaci√≥n en el marco de un ciclo de videoconferencias sobre Centroam√©rica y el Caribe organizado por el Bank of America Securities, el cual est√° dirigido a los gerentes de importantes bancos y fondos de inversi√≥n a nivel global.

Haz clic en el enlace de nuestra bio para ampliar esta informaci√≥n

#DiarioLibre #BancoCentral #Econom√≠aDominicana #Crecimiento #Pandemia 

Foto: Fuente Externa"|https://www.instagram.com/p/CHnVTwfHFzk/|GraphImage|['diariolibre', 'bancocentral', 'econom√≠adominicana', 'crecimiento', 'pandemia']|[]|139|2034|https://z-p42-instagram.faqp1-1.fna.fbcdn.net/v/t51.2885-15/fr/e15/s1080x1080/125206637_744591006093952_4652646850773748538_n.jpg?_nc_ad=z-m&_nc_ht=z-p42-instagram.faqp1-1.fna.fbcdn.net&_nc_cat=104&_nc_ohc=QbtkdIHbYy4AX90HuVi&_nc_tp=25&oh=0930b315d5081a5bc4785a3987f197fa&oe=5FDDC9FA|218193707|Santo Domingo, Dominican Republic|False|||
2443013595138731784|2020-11-15 09:18:56|39463498224|joy.investing|"JoyInvesting - V√≠deo Novo no Canal YouTube!

#pix #bacen #bancocentral #evitefraudes #educa√ß√£ofinanceira #registrato #chavepix"|https://www.instagram.com/p/CHnU-vPsa8I/|GraphImage|['pix', 'bacen', 'bancocentral', 'evitefraudes', 'educa√ß√£ofinanceira', 'registrato', 'chavepix']|[]|1|12|https://z-p42-instagram.faqp1-1.fna.fbcdn.net/v/t51.2885-15/fr/e15/s1080x1080/124863876_995079031002355_4508673192146621088_n.jpg?_nc_ad=z-m&_nc_ht=z-p42-instagram.faqp1-1.fna.fbcdn.net&_nc_cat=107&_nc_ohc=NziMIJZeNqwAX-zcp7K&_nc_tp=25&oh=b4e0797658f32b01caff60781c1de3d0&oe=5FDB1CCA|112047398814697|S√£o Paulo, Brazil|False|||
2443008866966718419|2020-11-15 09:09:33|620633699|eldinerodo|"El gobernador del Banco Central, H√©ctor Valdez Albizu, se mostr√≥ optimista con la aprobaci√≥n de la nueva Ley de Recapitalizaci√≥n de esa instituci√≥n, que se conoce en la C√°mara de Diputados.

El funcionario reaccion√≥ asi ante el inter√©s de los inversionistas internacionales a quienes hizo una exposicion sobre el proceso de recuperaci√≥n economica del pa√≠s en medio del covid-19.

Ampl√≠e en www.eldinero.com.do ¬¶ #Peri√≥dicoelDinero #BancoCentral"|https://www.instagram.com/p/CHnT57yrkfT/|GraphImage|['peri√≥dicoeldinero', 'bancocentral']|[]|2|91|https://z-p42-instagram.faqp1-1.fna.fbcdn.net/v/t51.2885-15/e35/s1080x1080/125858024_1291720611185563_6481038613180306522_n.jpg?_nc_ad=z-m&_nc_ht=z-p42-instagram.faqp1-1.fna.fbcdn.net&_nc_cat=107&_nc_ohc=OprHWNHQmCMAX_9yhfR&tp=15&oh=687dce69ca51249c2cc2a13e666ab3b6&oe=5FDBF4C2|||False|||
2443002606245066466|2020-11-15 08:57:06|551834850|sin24horas|"La econom√≠a de RD ser√° la que m√°s r√°pido se recupere de la crisis en la regi√≥n, asegura el gobernador BCRD

El gobernador del Banco Central, H√©ctor Valdez Albizu,¬†destac√≥ que la econom√≠a del pa√≠s ser√° la que m√°s r√°pido se recuperar√° de la crisis originada por la pandemia, apoyada en sus fuertes fundamentos y su probada capacidad de resiliencia.¬†¬†

Durante una¬†videoconferencia¬†con¬†gerentes de importantes bancos y fondos de inversi√≥n a nivel global,  Valdez Albizu plante√≥ diferentes soluciones, entre ellas: la reducci√≥n hist√≥rica de la tasa de inter√©s, estabilidad de precios y en el mercado cambiario, tendencia sostenida de recuperaci√≥n y el desempe√±o del sector externo mejor al previsto.¬†

#BancoCentral #BCRD #H√©ctorValdezAlbizu #SINFindeSemana¬†

Para saber sobre cada uno de estos temas, haga clic en¬†nuestro Bio Link."|https://www.instagram.com/p/CHnSe1Clzbi/|GraphImage|['bancocentral', 'bcrd', 'h√©ctorvaldezalbizu', 'sinfindesemana']|[]|22|175|https://z-p42-instagram.faqp1-1.fna.fbcdn.net/v/t51.2885-15/e35/125369173_140604134475353_3462583302199353202_n.jpg?_nc_ad=z-m&_nc_ht=z-p42-instagram.faqp1-1.fna.fbcdn.net&_nc_cat=105&_nc_ohc=NJ3e5X9BOCwAX91VJcR&tp=18&oh=27dccf66c80b184109e3651812b06648&oe=5FDD2EB7|||False|||
2442974402369085177|2020-11-15 08:01:04|9182674826|criptalismofinanceiro|"ACESSE O LINK NO PERFIL E VEJA A NOTICIA COMPLETA NO MEU BLOG:
@criptalismofinanceiro 
.
.
#bitcoin #bitcoin2020 #bitcoinhoje #criptomoedas #bolsadevalores #ibovespa #investimentos #noticiasdestacadas #trader #educa√ßaofinanceira #inteligenciafinanceira #midiassociais #bancos #bancocentral"|https://www.instagram.com/p/CHnMEaIlN75/|GraphImage|['bitcoin', 'bitcoin2020', 'bitcoinhoje', 'criptomoedas', 'bolsadevalores', 'ibovespa', 'investimentos', 'noticiasdestacadas', 'trader', 'educa√ßaofinanceira', 'inteligenciafinanceira', 'midiassociais', 'bancos', 'bancocentral']|[]|1|4|https://z-p42-instagram.faqp1-1.fna.fbcdn.net/v/t51.2885-15/e35/125222790_197579088648126_7629967489305395370_n.jpg?_nc_ad=z-m&_nc_ht=z-p42-instagram.faqp1-1.fna.fbcdn.net&_nc_cat=106&_nc_ohc=1AXq5YZ5CxMAX-tFXwb&tp=18&oh=dde191a740ee490bce2fec9da4f53a77&oe=5FDCD311|||False|||
2442974340946365199|2020-11-15 08:00:57|42839493823|codigodoconsumidoraseudispor|"Nesta segunda-feira, dia 16 de novembro, o PIX sair√° de fase de teste e come√ßar√° a estar dispon√≠vel 24 horas por dia, incluindo, s√°bado, domingo e feriado. 

Mas o que √© o PIX? 
√â um sistema de pagamento e transfer√™ncia eletr√¥nica do Banco Central.

O PIX √© para todos, tanto pessoas f√≠sicas ou jur√≠dicas. √â um servi√ßo gratuito para as pessoas f√≠sicas. Para as empresas poder√° haver cobran√ßa de taxa.

O intuito do PIX √© agilizar os pagamentos instantaneamente, ou seja, o recebedor poder√° disponibilizar do dinheiro assim que a transfer√™ncia ou o pagamento for feito, a qualquer dia e hora. E ainda, diminuir pagamento de taxas para os consumidores.

#pix #banco #pagamento #bancocentral #consumidor"|https://www.instagram.com/p/CHnMDg7gIsP/|GraphImage|['pix', 'banco', 'pagamento', 'bancocentral', 'consumidor']|[]|0|10|https://z-p42-instagram.faqp1-1.fna.fbcdn.net/v/t51.2885-15/e35/125917255_210498170641673_5985662004872361947_n.jpg?_nc_ad=z-m&_nc_ht=z-p42-instagram.faqp1-1.fna.fbcdn.net&_nc_cat=105&_nc_ohc=nTUp11WGB0AAX_7Wy_0&tp=18&oh=1a6926d9c8d469f770079cdad131d99d&oe=5FDB5CC3|||False|||
2442960684159671217|2020-11-15 07:33:49|9182674826|criptalismofinanceiro|"ACESSE O LINK NO PERFIL E VEJA A NOTICIA COMPLETA NO MEU BLOG:
@criptalismofinanceiro 
.
.
#bitcoin #bitcoin2020 #bitcoinhoje #criptomoedas #bolsadevalores #ibovespa #investimentos #noticiasdestacadas #trader #educa√ßaofinanceira #inteligenciafinanceira #midiassociais #bancos #bancocentral"|https://www.instagram.com/p/CHnI8yDlRux/|GraphImage|['bitcoin', 'bitcoin2020', 'bitcoinhoje', 'criptomoedas', 'bolsadevalores', 'ibovespa', 'investimentos', 'noticiasdestacadas', 'trader', 'educa√ßaofinanceira', 'inteligenciafinanceira', 'midiassociais', 'bancos', 'bancocentral']|[]|0|5|https://z-p42-instagram.faqp1-1.fna.fbcdn.net/v/t51.2885-15/e35/125179719_199883371592852_375469598817635028_n.jpg?_nc_ad=z-m&_nc_ht=z-p42-instagram.faqp1-1.fna.fbcdn.net&_nc_cat=108&_nc_ohc=aVUaxJFrNcUAX9vQAHa&tp=18&oh=d06596944ffba53952a20ab85a0137d1&oe=5FDA54BF|||False|||
2442943825381912039|2020-11-15 07:00:19|6043662728|becki_empreendimentos|"Bairro Gloria: Sierra del Mar
Torre √∫nica com 41 apartamentos.

Elevador.
Capta√ß√£o de √°gua da chuva.
Capta√ß√£o de energia fotovoltaica.
Apartamentos com porcelanato e laminado.
Sacadas com churrasqueira.
Possibilidade de altera√ß√£o das plantas.
√Årea comum com piscina, sal√£o de festas, academia, playground, brinquedoteca e espa√ßo zen.
Todas as √°reas de lazer mobiliadas e equipadas.

Fale Conosco ‚òéÔ∏è 3426-3751
whatsapp üì±47 991265574

üìê AT 73,47m2 üè∑ a partir 386 mil ü§ó#becki1537 

RGI- R-11-1.032

#joinvillesc #joinville #joinvilleiros #imovel #imoveisavenda #imoveisdeluxo #imoveisdealtopadrao #aptos #Aptos #bairrogloriajoinville #bairroflorestaemjoinville #bairroanitagaribaldijoinville #bairrobucareinjoinville #bairrosaguacujoinville #bairroamericajoinville 
#bancosdigitais #bancodobrasil #bancocentral #Caixa"|https://www.instagram.com/p/CHnFHdGH23n/|GraphImage|['becki1537', 'joinvillesc', 'joinville', 'joinvilleiros', 'imovel', 'imoveisavenda', 'imoveisdeluxo', 'imoveisdealtopadrao', 'aptos', 'aptos', 'bairrogloriajoinville', 'bairroflorestaemjoinville', 'bairroanitagaribaldijoinville', 'bairrobucareinjoinville', 'bairrosaguacujoinville', 'bairroamericajoinville', 'bancosdigitais', 'bancodobrasil', 'bancocentral', 'caixa']|[]|0|2|https://z-p42-instagram.faqp1-1.fna.fbcdn.net/v/t51.2885-15/fr/e15/s1080x1080/125086405_181523313597046_5479939166315484414_n.jpg?_nc_ad=z-m&_nc_ht=z-p42-instagram.faqp1-1.fna.fbcdn.net&_nc_cat=110&_nc_ohc=ut6HKUVsFhgAX9Ghfv2&_nc_tp=25&oh=7e5d46c85bf39959ceefb04a8f5db7b8&oe=5FDD21BE|199450330650829|Bairro Gl√≥ria, Joinville|False|||
2442931503581585559|2020-11-15 06:35:50|597475489|topviewclub|"Preparado (a)? O novo sistema de pagamentos instant√¢neos do Banco Central, o Pix, come√ßa a funcionar nesta segunda-feira (16)! Ser√° poss√≠vel realizar compras no com√©rcio, pagar contas como √°gua, luz, telefone e, at√© mesmo, impostos, al√©m de fazer transfer√™ncias para terceiros, com um simples toque na tela de um smartphone, sem precisar sair de casa, desde que as institui√ß√µes envolvidas j√° estejam com a atualiza√ß√£o da forma de suas cobran√ßas por Pix atualizadas. O Pix tamb√©m vai funcionar para compras online, sem precisar de cart√£o de cr√©dito. O que voc√™ acha dessa novidade?
‚†Ä"|https://www.instagram.com/p/CHnCUJhl2CX/|GraphImage|[]|[]|2|22|https://z-p42-instagram.faqp1-1.fna.fbcdn.net/v/t51.2885-15/e35/125411042_382129069657300_3185334531926357799_n.jpg?_nc_ad=z-m&_nc_ht=z-p42-instagram.faqp1-1.fna.fbcdn.net&_nc_cat=104&_nc_ohc=7rIi7UrxK-4AX_5r4As&tp=18&oh=a8b496590fbc66008dd1268da4a4f675&oe=5FDC52CA|||False|||
